name,file,likely_year,wallets,socials,team,authors,has_text
Aditus,Aditus.pdf,2018,0,,Francis Gouten; Olivier Burlot; Julian Peh,Luxury Merchants; Roll-Out Road Map; Important Information; Aditus. It,True
Admine,Admine.pdf,2017,0,,,VI. Electronic; IX. User; X. Paid; XI. Advertising,True
Adpump,Adpump.pdf,2017,0,,Nicolas Liakhovski; Mike Kirillov; Dunskiy Dmitriy; Arapat Abukova,ICO Sphere; Payment Method; Classic CPA Networks; CPA Trackers; Advertisers Own Affiliate Programs; Publishers Verification,True
Adshares,Adshares.pdf,2015,0,"github:adshares,EOSIO",,Dr. Leszek Rychlewski; BioInfoBank Institute Jacek Zemlo; BioInfoBank Institute Maciej Kamierczyk; BioInfoBank Institute; In ESC; Know Your Customer,True
Advanced Browsing Token,Advanced Browsing Token.pdf,2018,0,twitter:startupeddy; linkedin:startupeddy; facebook:StartupEddy,Eddy Travia; Yacine Tera; Adi Sossover,Login. Boards; Bookmarks Management,True
Aeron,Aeron.pdf,2017,0,twitter:aeron_aero; telegram:aeronaero; github:aeronaero; reddit:aeronaero; medium:aeronaero; facebook:aeronpublic,Nadezda Barkanova; Konstantin Gertman,Airline Passengers Safety; Aviation Safety; Nadezda Barkanova CTO; Konstantin Gertman CDO; Pilot Application; Aeron Features,True
Aeropoisk,Aeropoisk.pdf,,0,,,,False
Aeternity,Aeternity.pdf,2016,0,github:aeternity,,Zackary Hess; Yanislav Malahov; Jack Pettersson; III Applications,True
Aether United,Aether United.pdf,2017,0,,,Legal Arbitration; Competitors Analysis; Escrow  Arbitration  Reputation,True
Affchain,Affchain.pdf,2018,0,telegram:AffChain,,,True
Africunia,Africunia.pdf,2018,0,twitter:africunia; telegram:africunia; linkedin:africunia-bank; medium:africunia; facebook:africunia,,,True
Afterether,Afterether.pdf,,0,,,,False
Afterschool,Afterschool.pdf,2017,0,,Joanna Nazareno,Apple Store; Ibn Battuta Gate Offices,True
Agrello,Agrello.pdf,2016,0,,,Agrello OU Parnu; Tallinn University; Alex Norta,True
Agricoin,Agricoin.pdf,,0,,,,False
Ahoolee,Ahoolee.pdf,,0,,,,False
Aibb,Aibb.pdf,2018,0,,,Meet AiBB,True
Aicoin,Aicoin.pdf,,0,,,,False
Aida,Aida.pdf,,0,,,,False
Aidcoin,Aidcoin.pdf,2018,0,,Francesco Nazari Fusetti; Manuela Ravalli; Silvio Berlusconi,AidCoin. This; Bitcoin Suisse,True
Aigang,Aigang.pdf,,0,,,,False
Airtoken,Airtoken.pdf,2017,0,,Victor Santos; Sara Choi; James Seibel; Christine To,User Scenarios; AirFox Wireless; Dead Mobile Capital; AirFox Pillars; Mobile Access; Internet Affordability,True
Akm Global,Akm Global.pdf,2017,0,,Rem Maer,New Generation Restaurants; AKM Pizza; AKM Crowdsale; AKM Bonuses; AKM Distribution; Budget Allocation,True
Akrocoin,Akrocoin.pdf,2008,0,,,Ichechieck Nteogwuija; About Akrocoin,True
Aktie Social,Aktie Social.pdf,,0,,,,False
Alchemybyte,Alchemybyte.pdf,2017,0,,,One ICO; Two Blockchains; Partnership Program; AlchemyByte Master Trust; Master Trust's; Master Trust,True
Alfatoken,Alfatoken.pdf,2017,0,github:ethereum,,ICO Crowfunding; At AlfaToken,True
Algebraix Data,Algebraix Data.pdf,2017,0,,Charles Silver; Andy Shah; Robin Bloor,Personal Secure Vault; Amberglen Blvd Austin; Personal Data; Integrity Management; Data Algebra; Personal Secure Vault Architecture,True
Algo.Land,Algo.Land.pdf,2018,0,,,Gradient Boosting; Gardient Boosting,True
Algory Project,Algory Project.pdf,2017,0,telegram:AlgoryProject; medium:algory-project; facebook:algoryproject,,Cryptoscanner  Professional; ICO Analyzer  Analyzer; Cryptocurrency Backtester; Arbitrage Cryptocurrency; Knowledge Base; Share Your,True
Alis,Alis.pdf,2017,0,twitter:ALIS_media; github:AlisProject; medium:alismedia,Masahiro Yasu; Takashi Mizusawa; Sota Ishii,Distinguish Trustworthy Articles; Japan's First Social Media; Takashi Mizusawa Version,True
Almbank,Almbank.pdf,2017,2,"twitter:austinmuhs; linkedin:bornfree1,jisook-choi-4559098,andyfuhrjr,robrukstalis,kennpalm,pash7ka,cory-feco-34480347; facebook:austinmuhs,andy.fuhr",Austin Muhs; Jisook Choi,Billion USD,True
Altair Vr,Altair Vr.pdf,2017,0,"telegram:altairvr,Altbar; facebook:altairvrico,fulldomecinema",Konstantin Urvantsev; Alexey Irkov,Altair VR; Einstein. Not; Time Machine,True
Altocar,Altocar.pdf,,0,,,,False
Altowl,Altowl.pdf,2017,0,,,Legal Disclaimer; Google Chromium,True
Alttex,Alttex.pdf,2017,0,,,Android IOS; Mobile Windows; Alttex Consortium,True
Alttradex,Alttradex.pdf,2018,0,,,Daily Vol. BTC; Daily Vol. USD; Daily Volumes On Different; Size Exchanges,True
Aml Bitcoin,Aml Bitcoin.pdf,2017,0,twitter:about,Marcus Andrade; Japheth Dillman; John Szeder,AML BitCoin; Anti-Money Laundering; Counter Financing; Bank Secrecy Act; AML BitCoin. This; Some AML BitCoin,True
Ammbr,Ammbr.pdf,2017,0,,Chairman Managing Director; Non-Executive Chairperson Managing Director,Sale Has Been Cancelled; Monetary Authority; Risk Factors; Singapore. Accordingly; Futures Act,True
Amon,Amon.pdf,,0,,,,False
Ample! Coin,Ample! Coin.pdf,,0,,,,True
Anacoin,Anacoin.pdf,,0,,,,False
Angel Token,Angel Token.pdf,2017,0,,,United States Of America; New Zeeland; United Kingdom; Northern Ireland; Channel Islands,True
Ankorus,Ankorus.pdf,2018,0,,John Cruz,Shawn McLean; Haldane Marnoch; Martin Higgins; Craig Absiyeh-Eichmeier; Ankorus. Ankorus,True
Anonhotels,Anonhotels.pdf,,0,,,,False
Anonymous Service Chain,Anonymous Service Chain.pdf,2017,0,,ASC Labs Founder; ASC Co-founder; CEO Jacky Wang Mr; CMO Hannah Sun Ms; CTO Shunyuan Ni Mr,Industry Issues; Anonymous Reputation,True
Antiqmall,Antiqmall.pdf,2018,0,,,ICO Structure; Earn Money; Road Map; Financing Plan; AntiqMall Change; Russian Federation,True
Aphelion,Aphelion.pdf,,0,,,,False
Apollo Dae,Apollo Dae.pdf,2018,0,github:ApolloDAE,,Apollo DAE; MAP Price; Bonus Avo; Reset Move Red Resize; USD BTC; Deposit Withdraw,True
Appay,Appay.pdf,2017,0,github:ethereum; medium:sm_app_intel,,Amazon Payment Fees; Long Payment Wait Times; Give APY; APY Creation,True
Appcoins,Appcoins.pdf,2017,0,medium:johnnylin,,Paulo Trezentos; Diogo Pires,True
Apx,Apx.pdf,2017,0,,,Silk Road,True
Aragon,Aragon.pdf,,0,,,,False
Arbi,Arbi.pdf,2017,0,medium:ntmoney,,,True
Arbidex,Arbidex.pdf,,0,,,,False
Arc Reserve Currency,Arc Reserve Currency.pdf,2016,0,,,Stephen Findlay; Dr Garrick Hileman; ARC Series Papers,True
Arcade City,Arcade City.pdf,,0,,,,False
Archicoin,Archicoin.pdf,2018,0,,,Ver. I,True
Arcona,Arcona.pdf,,0,,,,False
Arena,Arena.pdf,,0,,,,False
Arker,Arker.pdf,2017,0,"github:Nytyr,zodier,nelson208,jsrubio",,Index Intro Arker; Preparation Matchmaking Turns End; Escrow Bonus; Arker Labs,True
Armor Ceramics,Armor Ceramics.pdf,,0,,,,False
Arrm,Arrm.pdf,,0,,,,False
Artemine,Artemine.pdf,,0,,,Transfer Genesis Addresses; Public Mining; Genesis Addresses; Different Supply While; Genesis Addresses Self-Mining Rate,True
Artex,Artex.pdf,2015,0,,Thatcher's Art Management,Art Industry,True
Artis Turba,Artis Turba.pdf,2017,1,,,Artis Turba,True
Asset Token,Asset Token.pdf,2016,1,,Simon Cocking; International Legal; Bank Integration; Dennis Lyons; Practicing Professor; Simon Choi,Last Updated; Verified Solidity Compiler; AST Decimal; Key Features; Seamless Usage; Extended LTV Customer,True
Assetron Energy,Assetron Energy.pdf,2017,0,,Denis Wright; Assetron Energy; Europe. Currently,Renewable Energy; Low Risk Investments; Crypto-Powered Solar Power Plant; Rooftop Solar; Emerging Markets; Investment Types,True
Asspace,Asspace.pdf,,0,,,,False
Astorgame,Astorgame.pdf,2017,0,,,Padre Eterno; Online Gambling; Provably Fair; At AstorGame,True
Astrcoin,Astrcoin.pdf,2017,0,,Lou Yee Man,Empowering People Worldwide,True
Astronaut,Astronaut.pdf,,0,,,,False
Atb Coin,Atb Coin.pdf,,0,,,,False
Atfs Project,Atfs Project.pdf,,0,,,,False
Athena,Athena.pdf,,0,,,,False
Atlant,Atlant.pdf,2017,0,"twitter:atlantio; telegram:atlant_eng; github:bokkypoobah,makerdao; medium:atlantio",,Julian Svirsky  Neil Mohinani; Denis Donin; Selling Property; Fake Reviews; High Rental Middleman Fees; Property Inventory,True
Atmtoken,Atmtoken.pdf,2017,1,,L. Oskar,Ethereum ATMs,True
Atrix,Atrix.pdf,2017,0,,,First Worldwide Buyback Guarantee; W. AT,True
Auctus,Auctus.pdf,2017,0,,Pension Fintech; Tracking Record,At Auctus; United Nations; Accenture Consulting; Wealth Management; Hybrid Advice; Advisory Board,True
Auditchain,Auditchain.pdf,,0,,,,False
Augmentors,Augmentors.pdf,2018,2,,,Billionaire Cee-lo Dice; Billionaire Hold'em; IV. Detailed Issuance Description; Beyond Ethereum; VI. Disclaimer; Billionaire's Club,True
Augur,Augur.pdf,2016,0,github:psztorc,,Prediction Markets; Dr. Jack Peterson; Joseph Krug; Bitcoin Core's,True
Authenticid,Authenticid.pdf,2017,0,"linkedin:blair-cohen,jeffjani,richardahuber,ricmerrifield,shawnfirminger,stephenthwaits,allisoncassara,kirankumartadaka,ashtiwari1,pauldhaliwal",,Lowell Street; Internet. It; New Money; Blockchain's Reach; Affiliate Incentive Program; William Mougayar,True
Authoreon,Authoreon.pdf,2017,0,medium:chrshmmmr,Rob Wainwrightviii Passport,Conditions. Any; Access Lock; Mobile App,True
Authorship,Authorship.pdf,,0,,Common Issues Faced By,Internet More Free; De-centralized Internet Envision; Although Ethere,True
Autonio,Autonio.pdf,2017,0,,,JP Morgan; Wall Street; Index Funds,True
Autoria,Autoria.pdf,2021,0,,,,True
Avalon,Avalon.pdf,2017,0,,Angelo Adam; Pascal Thellmann; Deniz Dalkilic; Sean Hoge; Cathy Tao; George Li,Special Thanks; Shahaf Bar-Geffen Luke Duncan; Eduardo Muoz; Bounty Hosts; Bounty Hunters,True
Aventus,Aventus.pdf,2017,0,github:ipfs,Annabella Coldrick; Sean Moriarty,Existing Solutions; Application Layer; Aventus Registry,True
Aworker,Aworker.pdf,2018,0,github:ethereum; medium:wtfmitchel,Anton Cherkasov; Michail Doshevskii; Sergey Streltsov; Mikhail Barkov HR; Svetlana Fomenkova; Vasily Kuznetsov,Recruitment Industry; Pessimistic Scenario; Realistic Scenario,True
Axtrust,Axtrust.pdf,2017,0,,,EverybodyuseInternettobuysomething. Manyworkwithfreelancers.Andthisis,True
B2Bx,B2Bx.pdf,,0,,,,False
Babb,Babb.pdf,2018,0,,,Banking Systemic Risk; Underserved Microeconomy; Inadequate Systems; UK Regulated; UK Faster Payments; Mobile Application,True
Back To Earth,Back To Earth.pdf,,0,,,,False
Bactoalarm,Bactoalarm.pdf,2016,0,,Mr. Manuel Fernandez; Giuseppe Domeniconi,Manuel Fernandez; BactoAlarm Bio Sensor; Food Wastage,True
Baikalika,Baikalika.pdf,2018,0,,,Southeast Asia; Clean Drinking Water; Ideal Drinking Water; Baikal Water Reserve; Water Supply; Middle East,True
Balehu Bucks,Balehu Bucks.pdf,2017,0,facebook:balehubucks,Mike Berson,Balehu Delivers...biz; Its Purpose; BalehuBucks Allocation; Strategic Partners; Within Balehu,True
Bank Of Memories,Bank Of Memories.pdf,,0,,,,False
Bank4You,Bank4You.pdf,2016,0,,,Lowering Fees; Payment Means; Know Your Customer; FCA License; United Kingdom; London FCA License No,True
Bankex,Bankex.pdf,2017,0,"twitter:ASSET_ID; github:skywinder,BankEx",,Artificial Intelligence; Game Theory Behind; Classical Microservice Architecture; Liquidity Theory; New Economy; Tokenizing Shares,True
Bannercoin,Bannercoin.pdf,2017,0,,Mark A. Cenicola Chairman; As Chairman; Joseph N. Stanley Technical; As Technical,Mark A. Cenicola; Joseph N. Stanley; Promotional Codes; Paypal. BannerCharge; Current Features Supported,True
Basic Attention,Basic Attention.pdf,2016,0,github:brave; medium:robleathern,Brendan Eich; Chris Pemberton. Gartner; Spend Survey,Brave Software; An Inefficient; New Deal; Attention-based Economics; Basic Attention Metrics,True
Battle Ball,Battle Ball.pdf,2021,0,,,,True
Battle Of Titans,Battle Of Titans.pdf,2017,0,facebook:battletitans,,Steve Jobs,True
Battledrome,Battledrome.pdf,2017,0,,,V-Coins Hybrid Cryptocurrency; Pre-ICO Facts; Background Information; ICO Facts; ICO Pricing; Social Media,True
Bazista,Bazista.pdf,,0,,,,False
Bbiller,Bbiller.pdf,,0,,,,False
Bcshop,Bcshop.pdf,2018,0,,,Large Fees; Required Conversion; Long Transactions; Restricted Payment Processing Features; Restricted Range; Potential Customers,True
Beatle,Beatle.pdf,2016,0,"github:ethereum,kvhnuke",Ray Wang,Privacy Features; Other Key Features; Technical Description; Allocation Of Funding,True
Beautiq,Beautiq.pdf,2017,0,"linkedin:andrewtaylorrussia,evgenia-chernikova-15248b5,roman-chistyakoff-ab71611,sleepnow,valery-malashonok-2b117449,henrik-koskela,luke-conner-135a66a",,V. Malashonok; A. Taylor; Southern Eastern Europe; JD Worldwide; Then BeautiQ,True
Beefcoin,Beefcoin.pdf,2016,0,,Nikolay Melbard; Melbard LLC Co-owner,IF YOU ARE,True
Beeqb,Beeqb.pdf,,0,,,,False
Betboxai,Betboxai.pdf,2017,0,,Francesco Magagnini; Fabrizio Malfanti,Machine Learning; Deep Neural Networks,True
Betex,Betex.pdf,2017,0,,Oleg Torkhov; Mykhailo Tiutin,Binary Options,True
Betking,Betking.pdf,2021,0,,,,True
Betmaster,Betmaster.pdf,2018,0,,,Readthisdocumentinitsentiretybeforetakinganyaction. Acknowledgethenon-regulatednatureofthetokenacquisition. Acceptahighd; Reinvent Baltics; Escrowagent ICO; Cyprus Securities,True
Betrium,Betrium.pdf,2017,0,,Large Corporates; Coming Soon,Corporate Information; Contact Details; Overall Data; Mobile Gambling; Technical Description; Future Of Gambling,True
Betstreak,Betstreak.pdf,2017,0,"twitter:bet_streak; telegram:betstreakICO,betstreakICOdiscussion; facebook:betstreak",,Payment Providers; Track Record; Should You Invest; ICO Details; Licensed Bitcoin; Online Gambling,True
Betterbetting,Betterbetting.pdf,2017,0,,As Technical; Cadillac Jack; Snowcat Games,Competitive Landscape; Online Sportsbook,True
Beuthereum,Beuthereum.pdf,2018,0,github:ApolloDAE,,Apollo DAE; MAP Price; Bonus Avo; Reset Move Red Resize; USD BTC; Deposit Withdraw,True
Beyond The Void,Beyond The Void.pdf,,0,,,,False
Bftoken,Bftoken.pdf,2018,0,,Simon Dixon; Bliss Dixon; Vinny Lingham; Bill Barhyd; Diego Gutierrez Zaldivar; Co-founder RSK,,True
Bibox,Bibox.pdf,2018,0,,John Cruz,Shawn McLean; Haldane Marnoch; Martin Higgins; Craig Absiyeh-Eichmeier; Ankorus. Ankorus,True
Bico,Bico.pdf,,0,,,,False
Big Foundation,Big Foundation.pdf,,0,,,,False
Billionaire Token,Billionaire Token.pdf,2018,2,,,Billionaire Cee-lo Dice; Billionaire Hold'em; IV. Detailed Issuance Description; Beyond Ethereum; VI. Disclaimer; Billionaire's Club,True
Binance,Binance.pdf,2017,0,,,This Silkos,True
Binary,Binary.pdf,2018,0,,,Readthisdocumentinitsentiretybeforetakinganyaction. Acknowledgethenon-regulatednatureofthetokenacquisition. Acceptahighd; Reinvent Baltics; Escrowagent ICO; Cyprus Securities,True
Biocoin,Biocoin.pdf,2017,0,"twitter:biocoin_biocoin,lavkalavka; telegram:biocoin,biocoinchat,biocoin_ru,biocoinchat_ru; facebook:LavkaLavka",Artem Kalinin IT; LavkaLavka. Technical; Arthur Ivanov,,True
Biometrids,Biometrids.pdf,2016,0,twitter:top,,Anonymous ID; Facial Recognition; Image Pre-processing Component; Face Detection Component; Face Creation Component; Face Recognition,True
Bioritmai,Bioritmai.pdf,,0,,,,False
Birdchain,Birdchain.pdf,,0,,,,False
Bitbounce,Bitbounce.pdf,2017,0,"github:turinginc,brave-intl",,State Change; Starting State; Goal State; Existing Email Accounts; Psychology Behind Adoption; Transaction Volume,True
Bitcache,Bitcache.pdf,2017,0,,,Silk Road,True
Bitcaptera,Bitcaptera.pdf,,0,,,,False
Bitcoen,Bitcoen.pdf,2017,0,"linkedin:david-dyshko-b49307149,viacheslav,karolina-matusso-73a9945b,dmitriy-gorozhankin-94657222,yulia-zhuravleva-34b50695,lexanderchacharenko-99573785,mila-kretova-5a39b114,aleksmart,leader-leather-83583337,moty-cristal-6460822",Dmitry Gorozhankin Commercial; Skolkovo Cybersecurity Foundations; Moscow Skolkovo Management School; Ilya Flux; Ilya Aizen CEO; Klett Rector,Offline BitCoen; Marketplace Jew; BitCoen ADV; Tech Audit,True
Bitcomo,Bitcomo.pdf,2017,0,,,Bitcomo Helps; AO Technologies,True
Bitconscious Foundation,Bitconscious Foundation.pdf,2016,1,"github:blockstack,ethereum,ipfs,bitcoin",,Muneeb Ali Ryan Shea; Jude Nelson Michael; J. Freedman; New Internet; Blockstack PBC; M. Ali,True
Bitcrystals,Bitcrystals.pdf,,0,,,,False
Bitdegree,Bitdegree.pdf,2017,0,,Andrius Putna; Rio Asatiani; Serial Entrepreneur; Steve JobsSchool; Personalized Learning; Arnas Stuopelis,BitDegree. If,True
Bitdice,Bitdice.pdf,2017,0,,,Initial Contribution Offering; Bitdice Casino; Accepted Contributions Cut-off; Existing Investors; ICO Off-Chain Crediting Disclaimer; From August,True
Bitether,Bitether.pdf,,0,,,,False
Bitferry,Bitferry.pdf,,0,,,,False
Bitfinite,Bitfinite.pdf,,0,,,,False
Bithercash,Bithercash.pdf,2011,0,twitter:bithercash; facebook:bithercash,,Mining Process; Instant Peer; Peer Transfer,True
Bithub,Bithub.pdf,2018,0,,,,True
Bitjob,Bitjob.pdf,,0,,,,False
Bitlab,Bitlab.pdf,,0,,,,False
Bitlumens,Bitlumens.pdf,2017,0,,Veronica Garcia; Thomas Kansy; Herbert Sterchi,Thomas Edison; Latin America. Providing,True
Bitmag,Bitmag.pdf,,0,,,,True
Bitmart,Bitmart.pdf,2017,0,twitter:BitMartExchange; telegram:BitmartExchange; facebook:BitMartExchange,,Technical Architecture; Spot Trading; Over-the-Counter Trading; Whole-Network Trading; All-Platform Support; High Performance Support,True
Bitnation,Bitnation.pdf,2017,0,github:Bit-Nation,Susanne Tarkowski Tempelhof,Pangea Jurisdiction; Eliott Teissonniere James Fennell; Dana Edwards Bitnation; Planet Earth; Eliott Teissonniere; James Fennell Tempelhof,True
Bitnatura,Bitnatura.pdf,2017,0,,,North Western Canada; Gold Standard Gold,True
Bitpark Coin,Bitpark Coin.pdf,2016,0,,,,True
Bitplus Network,Bitplus Network.pdf,2017,0,,Benjamin Leviton; CEO  Evgeniy Kamyshev; Evgeniy Kamyshev; Salman Khan,Ethereum ERC; BitPlus Corporation; Customer Interaction; Sale Software Successful,True
Bitproperty,Bitproperty.pdf,2015,0,,RyoNomura Bitproperty; MaxRichardson MarketingandDesign; LiorZyzman Legal,Bitproperty APlatformforT,True
Bitquence,Bitquence.pdf,,0,,,,False
Bitrace,Bitrace.pdf,,0,,,,False
Bitrent,Bitrent.pdf,2017,0,,London. BitRent; Total Contra; Smartum Pro; Dmitriy Starovoitov; Dmitriy Shapran. Both,This English,True
Bitrewards,Bitrewards.pdf,2016,0,"linkedin:alexanderegorovgiftd,alexander-nevidimov-78872a57,andrey-kladov-b315603b,makvitaly,arslanovmarat,segey-alisov-a3908a9b,ilya-starovoitov-5b504957,zytsar-svyatoslav-187660a9,dmitrii-semenov-a6754aa9,maksim-litkevich-131227151",PromoSoundGroup.net We; Alexander Nevidimov,,True
Bits Digit,Bits Digit.pdf,,0,,,,False
Bitsoko,Bitsoko.pdf,2018,0,,,Meet AiBB,True
Bittix,Bittix.pdf,,0,,,,True
Bitto Exchange,Bitto Exchange.pdf,,0,,,,False
Blackmoon,Blackmoon.pdf,2017,0,"github:blackmoonfg; linkedin:olegseydak,iliaperekopsky,ilya-remizov,alexrugaev,svasin,felipelema23",Europe. Former Managing; Former Investment; European Communications,Singapore Person,True
Blaq,Blaq.pdf,2016,0,"twitter:ICOBLAQ_; telegram:icoblaq_eng,joinchat; linkedin:anton-dolgushin,maxlubanets,eugenesypachev,georgy-oleshchuk-60a61328,vladislav-minko-7a446535,aziz-muminov-287397; facebook:ICO-BLAQ",,Tokenomics ValueforInvestors PresaleP; ICOProcess Bonuses SoftCap; LegalInformation Conclusion Contacts,True
Blockarray,Blockarray.pdf,,0,,,,False
Blockbank,Blockbank.pdf,,0,,,,False
Blockbits,Blockbits.pdf,2018,0,,,Blind Trust; PRE ICO; Funding Vaults; Direct Funding Payments; Milestone Funding Payments; CashBack Procedures,True
Blockchain Capital,Blockchain Capital.pdf,,0,,,,False
Blockchain Traded Fund,Blockchain Traded Fund.pdf,2017,0,,,ICO's. BTF; Investment Objective; Ethereum. Based; New York City,True
Blockchain.Aero,Blockchain.Aero.pdf,2020,0,,,Could Be Used,True
Blockex,Blockex.pdf,,0,,,,False
Blockfollow,Blockfollow.pdf,2018,0,twitter:BlockFollow_com; facebook:blockfollowofficial,Dan Toth  CEO; Roland Sinkovits  COO; Founder Roland Sinkovits  COO,Legal Disclaimer; Portfolio Handling; Technical Analysis; Earning BFN,True
Blockfood,Blockfood.pdf,,0,,,,False
Blockhive,Blockhive.pdf,2017,0,,Kazuteru Arimura,Japan. It,True
Blocklancer,Blocklancer.pdf,2018,0,twitter:blocklancer; discord:Jw4wCsm; github:Blocklancer; linkedin:18154739; reddit:blocklancer; facebook:blocklancer,,Premium Accounts; Tokenholder Tribunal; Expert Tribunal; Majority Overtaking; Know Your Customer; Freelancer Actions,True
Blockmason,Blockmason.pdf,,0,,,,False
Blockmesh,Blockmesh.pdf,2017,0,,Bjorn Dingemans; Jaap Griessel ICT; Mike Weetman,Issue Date; South Africa; BlockMesh MeshEx; Primary Goals; Future Goals; Chris Fabian Co-lead,True
Blockpay,Blockpay.pdf,,0,,,,False
Blockrx,Blockrx.pdf,,0,,,,False
Blocksquare.Io,Blocksquare.Io.pdf,2017,0,github:0xProject; medium:blocksquare,Architectural Engineering; Computer Science; Viktor Brajak; Denis Petrovcic,,True
Blockstack,Blockstack.pdf,2016,1,"github:blockstack,ethereum,ipfs,bitcoin",,Muneeb Ali Ryan Shea; Jude Nelson Michael; J. Freedman; New Internet; Blockstack PBC; M. Ali,True
Blocktix,Blocktix.pdf,2013,0,github:ethereum,,Florian Mathieu; Ryno Mathee; Meeting Professionals International; Ticketmaster. Distribution,True
Blockv,Blockv.pdf,2017,0,,Singularity University; Mike Costache; David Drake; Peter Diamandis,Reeve Collins; Lukas Fluri; Gunther Thiel; App Store,True
Bloom,Bloom.pdf,2017,0,,Meg Nakumura; Joseph Urgo; Balaji S. Srinivasan,Jesse Leimgruber; Alain Meier; John Backus Last Updated; Identity Attestation; Credit Vouching; Organizational Identity Attestation,True
Bloomzed,Bloomzed.pdf,2018,0,,Jack Ma. According,,True
Bluzelle,Bluzelle.pdf,2017,0,,Silicon Valley. Bluzelle's; Pavel Bains; Neeraj Murarka,By Pavel Bains; Internet. Protocols; Launches Canadian Ripple Gateway; Canadian Banking; Builds Ripple-based; Builds Ethereum-based,True
Bmchain,Bmchain.pdf,2018,0,,,Obtaining BMT; Analytics Insight; Biznes Molodost,True
Bolenum,Bolenum.pdf,,0,,,,False
Bondkick Syndicate,Bondkick Syndicate.pdf,2000,0,,Valentin Ivanov; Mercuri Urval; Valentin Ivanov Phone,Bondkick Syndicate; Bondkick Bonds; Know Your Customer,True
Bonpay,Bonpay.pdf,2018,0,,Alex Blazhevych; Oleg Boykov,History Of Creation  Bonpay; Coins  Total; Distributor. It; Coins. Any,True
Boosteroid,Boosteroid.pdf,,0,,,,False
Bopti,Bopti.pdf,2017,0,telegram:joinchat; facebook:boptiico,Administrative Director,Exceptional Potential; An Experienced Complementary International,True
Botgaming,Botgaming.pdf,2016,0,,ICO Legal,In May; Malta Gambling Authority; Pseudo Random Numbers Generator,True
Bountie,Bountie.pdf,2018,0,twitter:bountiegaming; telegram:bountiecoin; medium:bountiegaming; facebook:bountiegaming,,Revenue Stream; Main Features; Strategic Partners; Gaming Teams; Social Media Links; Gaming Hub,True
Bounty0X,Bounty0X.pdf,2017,0,,Angelo Adam; Pascal Thellmann; Deniz Dalkilic; Sean Hoge; Cathy Tao; George Li,Special Thanks; Shahaf Bar-Geffen Luke Duncan; Eduardo Muoz; Bounty Hosts; Bounty Hunters,True
Bowhead Health,Bowhead Health.pdf,,0,,,,False
Brat,Brat.pdf,2017,0,telegram:icobrat,,Serg Zharov; Anton Yaskunov; Smirnov Egor; Alen Green; Samui Life; Dron Pelya,True
Bread,Bread.pdf,2017,0,,Adam Traidman; Aaron Voisine; Aaron Lasher; Sam Sutch; Scott Wiebe,Rev. October; Breadwinner AG,True
Brixby,Brixby.pdf,2017,0,,,Puerto Rico; US Virgin Islands; Central African Republic; Democratic Republic; South Korea; South Sudan,True
Bubbletone,Bubbletone.pdf,2018,0,github:bubbletone.,Yuri Morozov,Yuri Morozov CEO; Safran Identity,True
Budbo,Budbo.pdf,2017,0,"twitter:life; linkedin:rick-burnett-102b9116,luke-patterson-979b82129,pattersonjacob,gary-heitz-36317a3,nickheldreth,divyashish,ihorpidruchny,prateekdimri,blake-krohn-7303691,mason-burnett-a6a18896",Rick Burnett; Luke Patterson  President; Jacob Patterson  CTO; Gary Heitz  CRO; Nick Heldreth  CMO; Andrew Rivera,Forward Looking Statements; Securities Laws Disclaimer; Founders' Letter; Key Definitions,True
Buildcoin,Buildcoin.pdf,2018,0,,Doug Daniels; Scott Moberg; Brett Buescher,Construction Industry,True
Bulleon,Bulleon.pdf,2018,0,,,European Union Helsinki  Finland; Bulleon International Debit Card,True
Buron,Buron.pdf,,0,,,,False
Bytebet,Bytebet.pdf,2018,0,,,Last Revision; ByteBet. All; About ByteBet,True
Bytom,Bytom.pdf,2014,0,github:bitcoin,,Byte Tool,True
Cajutel Sarl,Cajutel Sarl.pdf,2017,1,github:andreasfink,Andreas Fink; David Vine,Cajutel Sarl; West Africa,True
Callback Plus,Callback Plus.pdf,2017,0,,CEO His,On May; Confidentiality Privacy Anonymity,True
Camx,Camx.pdf,2018,0,,Alexander Chub; Sergey Sergienko; Colin Drury; John Sander,Next Steps; Glossary LiveCam,True
Canabio,Canabio.pdf,2017,0,,,Michael Vodicka,True
Canya,Canya.pdf,2018,0,,John-Paul Thorbjornsen; Main Sales Private Sales; CEO Indorse; CoFounder DigixGlobal; Taotao He; Thomas Graham,An Autonomous Marketplace; CanYa Rewards; Cryptocurrency Volatility; Current CanYa App Features; Due Diligence; All Sections,True
Cappasity,Cappasity.pdf,2017,0,github:EOSIO; medium:claybavor,Jaron Lanier; Kosta Popov Cappasity; Kosta Popov; Alex Chegaev; Marianna Alshina,Social VR,True
Carex,Carex.pdf,2017,0,,Mike Bishop,CareX HealthVault; An Investment; Connecting CareX; Proposed Go; Legal Considerations; Scottline Proprietary,True
Cargox,Cargox.pdf,2018,0,,,Lading. Per; Frequently Used; Sea Shipping; Biggest Shipping; Biggest Freight; Freight Forwarder,True
Cartaxi,Cartaxi.pdf,2017,0,,,San Antonio; Hong Kong,True
Carvertical,Carvertical.pdf,2018,0,telegram:carVerticalio,John Mack; Brian Dublin; Tadas Volbikas; Anatoly Ressin; Jonas Udris Deputy; CIE Automotive China Mr,,True
Cash Poker Pro,Cash Poker Pro.pdf,2017,0,,Cash Poker Pro,Cash Poker Pro Poker,True
Cashaa,Cashaa.pdf,2017,2,github:ethereum,Worldwide Director Microsoft; Alex Norta,Cashaa Beta; Micro Lending; Beta Tested; Regulatory Partnerships,True
Cashbag,Cashbag.pdf,2018,0,,,IN APP; CashBag Ledger Settlement,True
Cashbet,Cashbet.pdf,2018,0,"twitter:CashBet_mgt; telegram:cashbetcoin; linkedin:mikereaves,george-weinberg-07b4b541,fredhsu,dan-edwards-99050123,patrick-ross-pmp-670b9525,tim-cogswell-1335351,jaybny,miroslavgeorgiev,brianchill,viviantrankim; medium:blockchannel; facebook:cashbetcoin",Mike Reaves; George Weinberg; Fred Hsu Chairman As; Tim Cogswell; Matt Cullen,Cryptocurrency Opportunity; Blockchain-enabled Processing; Site End-to-End; Card Theft; Increased Liquidity; Better Gaming Experience,True
Casper,Casper.pdf,2020,0,,Artem Koltsov; Vitaly Chermensky; Nurlan Tlegenov; Anton Cobac; Ao Khi Adviser,Casper API; File Allocation; File Downloading; Storage Volume Registration  Franchise,True
Caviar,Caviar.pdf,2013,0,medium:stephenbmckeon,Data Science; President's Science; Trading Strategy,United States; Caviar Capital LP; Caviar Capital; Northeastern United States,True
Cca,Cca.pdf,2013,0,,Timur Akhiyarov; Nikolay Leontyev,Competitive Advantages; CCA Cylinders; Composite Cylinders Advanced; Czech Republic,True
Ccore,Ccore.pdf,2017,0,,,Bitcoin. During,True
Cederis,Cederis.pdf,2018,1,,,Be Your Own ISP; Mbps. If; Fiber Optic; Be Cederis,True
Cedex,Cedex.pdf,2017,0,twitter:assets; github:iurimatias,Saar Levi; Ronen Priewer; Avner Levinstien,Status Quo; Related Projects; Diamond Tokenization; Supply Side; Selling Diamonds; Demand Side,True
Ceek,Ceek.pdf,,0,,,,False
Celsius,Celsius.pdf,,0,,,,False
Centra,Centra.pdf,2018,0,,Robbert Vermeulen; Jeroen Vroemen,Foodimus Bond; Implementing Artificial Intelligence,True
Cfrs,Cfrs.pdf,2017,2,twitter:codetractio; github:codetract; medium:codetractio,,US Dollar; Physical Gold; Simulated Auction,True
Cfun,Cfun.pdf,2015,0,,,Be Solved; CFun Eco-system; Flying Start; Successful Experience; Vertical Extension; Entering Overseas Markets,True
Chain Id,Chain Id.pdf,2018,0,medium:mit-media-lab,,Proving Who We Are; Components Advantages,True
Change Bank,Change Bank.pdf,,0,,,,False
Charg Coin,Charg Coin.pdf,,0,,,,False
Charitize.Click,Charitize.Click.pdf,2017,0,,,North Western Canada; Gold Standard Gold,True
Charityspace,Charityspace.pdf,2018,1,twitter:charityspacenet; facebook:charityspacenet,Dawid Gajek; Pawel Napieracz,IT. It,True
Chatello App,Chatello App.pdf,2017,0,twitter:associare; facebook:associaredotcom,Rabie Fares; Firas Alsalih; Richard Ashman; Mohamad Jaber; Sam Elmasri; International Markets,Brand Position; Chatello ICO,True
Chex,Chex.pdf,2017,0,,,,True
Chimaera,Chimaera.pdf,,0,,,,False
Chrono Logic,Chrono Logic.pdf,2017,0,,,WHO WE ARE; Time. ChronoLogic,True
Chrysos,Chrysos.pdf,2017,0,,,,True
Cibus,Cibus.pdf,,0,,,,False
Cindicator,Cindicator.pdf,2017,0,,,Hybrid Intelligence,True
Circle,Circle.pdf,,0,,,,False
Circles,Circles.pdf,,0,,,,False
Civic,Civic.pdf,,0,,,,True
Clearcoin,Clearcoin.pdf,,0,,,,False
Clickgem,Clickgem.pdf,2018,0,,,WE ARE; Disadvantages Of Traditional Money; Transaction Methods; Breakthroughs Of ClickGem; Key Applications Of ClickGem; Trading Floors,True
Clickle,Clickle.pdf,,0,,,,True
Climatecoin,Climatecoin.pdf,2015,0,"linkedin:jameshaft,joselindosolis,juanbautistaboluda,dortega,ana-karen-zs-67ba7697,antonioliuyang,borjaherrero,lagarrigue,gonzalodelapena,marcosmartin07",Ecuador Repsol Gas,Climate Change; Earth. It; Most People; Earth. If,True
Codetract,Codetract.pdf,2017,2,twitter:codetractio; github:codetract; medium:codetractio,,US Dollar; Physical Gold; Simulated Auction,True
Cofound.It,Cofound.It.pdf,2017,0,,,Jan Isakovic; Daniel Zakrisson; Zenel Batagelj; Silicon Valley. Apple; William Mougayar; Evan Van Ness,True
Coincasino,Coincasino.pdf,2017,1,,,Experienced Developer; ENS Readiness; CAS Server; Crediting BitCoin; ICO CoinCasino; CoinCasino Software,True
Coincrowd,Coincrowd.pdf,,0,,,,False
Coindrive,Coindrive.pdf,,0,,,,False
Coinfer,Coinfer.pdf,2017,0,,,Coinfer ICO; ETH In; Release Serenity. Accordingly,True
Coinfi,Coinfi.pdf,,0,,,,False
Coinhealth,Coinhealth.pdf,,0,,,,False
Coinlancer,Coinlancer.pdf,2017,0,telegram:Coinlancer,,An Ethereum; Upwork. In; Current Freelance Sites,True
Coinlion,Coinlion.pdf,2017,0,,Joshua W. DeWitt; Justus Luthy; Caleb Veldhouse; Kia Adams Creative; Andrew S. Wilka Legal,,True
Coinloan,Coinloan.pdf,2017,0,,,Cryptocurrencies  Bitcoin; Story Behind,True
Coinmetro,Coinmetro.pdf,2018,0,,,Legal Disclaimer,True
Coinnec,Coinnec.pdf,2018,1,twitter:charityspacenet; facebook:charityspacenet,Dawid Gajek; Pawel Napieracz,IT. It,True
Coinpennant,Coinpennant.pdf,2018,0,,,Target Users; Professional Traders; Target Traders; Technical Indicators; Chart Patterns; Technical Analysis,True
Coinplace,Coinplace.pdf,2017,0,"twitter:CoinPlacePro,CoinPlace_Japan; medium:CoinPlacePro; facebook:CoinPlacePro,CoinPlace-World-2055244681375399,CoinPlace-Japan-941853722633781",,,True
Coinpoker,Coinpoker.pdf,2018,0,,Ren Boutestijn; Justas Kregzd; Teresa Nousiainen; Warren Anthony Lush; Eugene Dubossarsky; Pokernews  Biggest,Online Poker; Tournament Series; Ethereum Allocation; New Games; Important Considerations,True
Coinseed,Coinseed.pdf,2017,0,github:ethereum,Delgerdalai Davaasambuu; Sukhbat Lkhagvadorj; Glenn Cantave; Studied Physics,Regulatory Remarks; Portfolio Management; Bitcoin Cash; ZCash. We,True
Coinstarter,Coinstarter.pdf,2017,0,,,V. Problems; IX. Beginnings; X. Businefy.com; XI. Plug; XV. Listed,True
Cointed,Cointed.pdf,2017,0,"telegram:cointedtoken,cointed_EN; facebook:CointedICO",AasnstisMtaanntaMgearnHagKer HK,Victor Hugo,True
Coinvest,Coinvest.pdf,,0,,,,False
Colu Local Network,Colu Local Network.pdf,2015,0,,,Clients Layer,True
Commerceblock,Commerceblock.pdf,2018,0,"github:commerceblock,lightningnetwork",Nicholas Gregory; Omar Shibli,,True
Compcoin,Compcoin.pdf,2017,0,,,Core Values; Current Challenges; Internet. Using; Iceland-based Auroracoin; Dubai-based OneGram; Ether-based ETF,True
Comsa,Comsa.pdf,2017,0,twitter:comsadotio; telegram:comsaio,Michio Asayama; Ryuji Yagi; Yosuke Iwai; Nate D'Amico; Osamu Ogasawara; Jin Nakamura,Budget Allocation; Other Upcoming ICO Projects; Multi-sig Authenticator; Auditable API; About NEM; About Mijin,True
Concertvr,Concertvr.pdf,,0,,,,False
Conda,Conda.pdf,2017,0,telegram:conda_ico; github:conda-ci,Hermann Hauser; Daniel Horak,CR WD; Real Estate,True
Confideal,Confideal.pdf,2017,0,github:confideal,Pyotr Belousov; Andrei Baibaratsky; Alexey Semionov,,True
Connect,Connect.pdf,2017,0,,,About Connect; Worldwide Sales; Connect Cards; Connect ICO Details; ICO Information; Ico Funds Utilization,True
Connectius,Connectius.pdf,2017,0,,,User Account Database; Interactive Map; Geolocation Data Processing; Rating Formation; Mobile Application; Economic Description,True
Consolo,Consolo.pdf,2000,0,,,,True
Consulteth,Consulteth.pdf,2018,0,,,Way America Buys Homes; Launched NewHomesAgents.com; National Association; Real Estate Sales; Home Buyers Direct Connect; United States,True
Coppay,Coppay.pdf,2017,0,"linkedin:vserzhanovich,timur-kornienko-130484149,ina-samovich-848237149,kazachonok,alexey-dubrov-3a0a8142,scott-malsbury-a6260b12",,CopPay ICO,True
Copy Trader,Copy Trader.pdf,2017,0,,,Target Users; Copy Trader Dapp; Copy Trade; Follow Trade; Copy ICO; ICO Explained,True
Copytrack,Copytrack.pdf,2016,0,github:ethereum,,,True
Corion Platform,Corion Platform.pdf,2017,0,"twitter:CorionPlatform; telegram:joinchat; github:CORIONplatform,ethereum,DavidJohnstonCEO; facebook:CORIONPlatform",,Switzerland Authors; Attila Dancs; Miklos Denkler; Zoltan Bor; Ida Froyda; Target Users,True
Cosmos,Cosmos.pdf,,0,,,ReportHackTx HackRewardRatio; AbsenteeismPenaltyPeriod MinimumProposalDeposit; VetoPenaltyAtoms ParameterChangeProposal BountyProposal; AppendTx CheckTx Commit; Commit BeginBlock; FromChainID FromBlockHeight Packet IBCPacket,True
Coss,Coss.pdf,2017,0,,Corporate Strategy; LinkedIn Christopher; LinkedIn Stefan; Prof. Tan Kim Song; LinkedIn Peter; LinkedIn Ionut,Current Challenges; Advisory Board; Strategic Partners; Upcoming Features,True
Cottagecoin,Cottagecoin.pdf,2017,0,,,European Union; Sharing Economy,True
Covalent Coin,Covalent Coin.pdf,2017,0,,,North Western Canada; Gold Standard Gold,True
Cove Identity,Cove Identity.pdf,2017,0,,,Shells Offering,True
Covesting,Covesting.pdf,2017,0,,,Saxo Bank; SEB Bank; JP Morgan; Zurich Insurance; Legal Considerations,True
Cprop,Cprop.pdf,2018,0,,Former Brazilian; Piper Moretti,CryptoProperties LLC; Industry Pain Points; End-to-End Transactional Inefficiencies; Imperfect Title Documentation; High Cost; Imperfect Mortgage-Related Documentation,True
Crazybet,Crazybet.pdf,2017,0,,Janis Kotans; Petrus Ozolins,Vadim Horev; Ivan Melnik; BY API,True
Creditcoin,Creditcoin.pdf,2016,1,,Ali Sammour; Morteza Nokhodian,Payment Facilitation; Payment Options; Flatpay Secure Payments; Flatlay Instant Access Debit; Flatlay Interactive Cards; Patent Pending,True
Credits,Credits.pdf,2004,0,,,Each Node; In September,True
Cromhub,Cromhub.pdf,2017,0,twitter:CROMhub; telegram:CROMhub; github:cromhub; reddit:CROMhub; facebook:CROMhub,Thomas Kothuis; Dominik Rachwal; Christoph Vilanek; Webtrakk Lorenzo Green; Stack Holdings; CEO Monetizer,,True
Crowd Crypto Fund,Crowd Crypto Fund.pdf,,0,,,,False
Crowdcoinage,Crowdcoinage.pdf,2017,0,,,ICO Campaigns; CrowdCoinage OS; Peep Paum,True
Crowdholding,Crowdholding.pdf,2018,0,,Ethan Clime; Aleks Bozhinov; Rosario Colletti; Paolo Lacche,Open Innovation; Profit Generation; Spending Allocation; ICO Details; Crowdholding Special; Since July,True
Crowdwiz,Crowdwiz.pdf,2017,0,,Jamie Dimon; Michael Golod; Slavena Savcheva; Delzar Khalaf Strategy; Michael Greenberg Media,Krypton Software,True
Crucoins,Crucoins.pdf,,0,,,,False
Crycash,Crycash.pdf,2017,0,,Faruk Yerli Crytek; Michael Khaimzon Warface Creative,Plink Application,True
Cryogen,Cryogen.pdf,2017,0,"linkedin:valerija-pride-13a22a5a; facebook:valerija.pride,pichugin.yuri,igor.artyuhov,elena.serebryannikov,shifrinat,rysev,anastasia.shin,zamirakimov,profile.php",CryoGen. Advisor,Hal Finney; CryoGen Solutions; Road Map; Advisory Board,True
Cryptaur,Cryptaur.pdf,2017,0,,,Bye Bye; Cryptaur Pay; Cryptaur Consumer Protection,True
Cryptectum,Cryptectum.pdf,,0,,,,False
Cryptics,Cryptics.pdf,2017,0,,Stanislav Maer; Oleg Tereshchenko; Maxim Maslennikov,,True
Crypto Improvement Fund,Crypto Improvement Fund.pdf,,0,,,,False
Crypto Trust Network,Crypto Trust Network.pdf,2018,0,,Jim Dowling; Will Finlayson; New Zealand High Tech,No. However,True
Crypto.Tickets,Crypto.Tickets.pdf,2017,0,,Alexander Zelenyak; Andrew Zimine; Anton Akentiev; Konstantin Kiselev; Alex Smirnov,,True
Crypto20,Crypto20.pdf,2017,0,,John C. Bogle,Cayman Islands; United States; South Africa,True
Cryptoabs,Cryptoabs.pdf,,0,,,,False
Cryptoalias,Cryptoalias.pdf,,0,,,,False
Cryptochip,Cryptochip.pdf,2017,0,,,V-Coins Hybrid Cryptocurrency; Pre-ICO Facts; Background Information; ICO Facts; ICO Pricing; Social Media,True
Cryptocopy,Cryptocopy.pdf,2020,0,,,Dates From; December. Benefits There,True
Cryptodruid,Cryptodruid.pdf,,0,,,,False
Cryptoforecast,Cryptoforecast.pdf,2017,0,,Janis Kotans; Petrus Ozolins,Vadim Horev; Ivan Melnik; BY API,True
Cryptofund,Cryptofund.pdf,2017,0,,,Issues Identification; Investment Strategy; Potential Customers; Legal Notice; From Apr; To Aug,True
Cryptomuseum,Cryptomuseum.pdf,2018,0,,,Gig Economy; Motivation Behind; Road Map; US Freelance Statistics,True
Cryptonod,Cryptonod.pdf,2017,0,,,Simplified Science; ICO Bonus; Other Parameters; Trading Bot Arficial Intelligence; Cryptonod Soluon; BOT Tested,True
Cryptopay,Cryptopay.pdf,2017,0,,George Basiladze; Dmitry Gunyashov; Eric Benz Managing; Marc Kenigsberg; Artem Tolkachev; Christian Papathanasiou,Central Entry Point; Final Version; Legal Disclaimer; Restricted Areas; Cryptopay Management; Cryptopay Products,True
Cryptoping,Cryptoping.pdf,2017,0,,,,True
Cryptopus,Cryptopus.pdf,,0,,,,False
Cryptum,Cryptum.pdf,2017,0,,,Nikolai Tsekov; Anton Belev; Grigor Stoichkov; Cryptum Board Games; Cryptum Mining; Tabletop Game Industry,True
Crypviser,Crypviser.pdf,2025,0,,Waldemar Konradi,CV OpenWorld; Connected Reality,True
Crystal Clear,Crystal Clear.pdf,,0,,,,False
Current,Current.pdf,2017,0,,John Wise Founder; Danny Johnson; Athena BitCoin; Red Leaf; Jim Gray; Dan Novaes Co-founder,An Incentivized; Nicholas McEvily Daniel Novaes; Kiran Panesar Joshua Moyer; Amy Karr Brian Ng; William Ryan; Superior Identity Profile,True
Cybermiles,Cybermiles.pdf,2017,0,,Dr. Lucas Lu; Dr. Michael Yuan; Alex Lau; Frank Lee; Amanda Bush; Malachi Boyuls,Online Marketplaces,True
Cybertrust,Cybertrust.pdf,2017,0,,,Gibraltar E-mail; Allocation Process; Securitisation Structur,True
Cyberx,Cyberx.pdf,2018,0,,Jin Luo,Factor Authentication; Risk Score Algorithm,True
Cypher,Cypher.pdf,2017,0,,,Cypher-AGeoLocation DiscoveryApplicationwithaningametokenCYR; Storeandinthenearfuture GooglePlayStore,True
Dadi,Dadi.pdf,2018,0,"github:dadi,miekg,johndoe,dadi.",,Command Line Interface; Current Status,True
Daneel,Daneel.pdf,2017,0,twitter:daneelproject; telegram:projectdaneel; medium:daneel_project; facebook:daneelproject,IBM Watson; Top ICO,,True
Dao Playmarket 2.0,Dao Playmarket 2.0.pdf,2017,0,"github:golang,ethereum",,Mobile Assistant; Baidu Mobile Assistant; DAO PlayMarket,True
Dao.Casino,Dao.Casino.pdf,,0,,,,False
Dapp Builder,Dapp Builder.pdf,2017,0,,,No Coding Required; All Bitcoin,True
Darcrus,Darcrus.pdf,2016,0,,,Release Date; Non-public  Confidential; Public  Authenticated; Public  Open,True
Darenta,Darenta.pdf,2018,0,"twitter:darenta_ru; telegram:darenta,RedKryptonite,joinchat; github:ethereum,ateregulov,darenta; linkedin:neoguru,antoniy-kapranov-0b6921147,ateregulov,kirill-volkov-1b96b8151,evgenia-spirina-147a0a27,--4622a0146,555777,10077541; facebook:darentacom,profile,profile.php,artem.kritsyn,pandafuwa,specmedix,gregfili,darenta.ru",,International Car Offering,True
Darfchain,Darfchain.pdf,,0,,,,False
Darico,Darico.pdf,2018,0,,Mojtaba Asadia; Luke Szkudlarek; Mario Colombo,Competitive Landscape; Darico Terminal; Darico Liquidity Pool; Darico Debit Card; Genesis Account; Because Darico,True
Daseron,Daseron.pdf,2017,0,,,File Integrity Verification; Ownership Registry; Integrity Validation; Maintenance Incentives; Engraved Dashboard; Advanced Engraved Dashboard,True
Data Trading,Data Trading.pdf,2017,0,github:ethereum,Anton Vokrug; Alexander Gandzha,Technical Indicators; Data Mining; Deep Learning; Neural Networks; Trading Advisor; External Modules,True
Datarius,Datarius.pdf,2016,0,facebook:datariuscryptobank,Datarius Education,Cryptocurrency Bank; Multi-Currency Accounts; Co-branded Credit Cards; Transaction Insurance; Online Training Centre; Additional Licensing,True
Datavlt,Datavlt.pdf,,0,,,,False
Datawallet,Datawallet.pdf,2016,0,,,Subtitle Draft Version; Ave San Mateo; Tallinn University; Background Literature; High-Level Requirements; Data-Provider Requirements,True
Datecoin,Datecoin.pdf,2021,0,,Nikita Anufriev; Aleksey Sinitsyn; Elena Platonova,About DateCoin; DateCoin. Up; Teaser DTC,True
Datum,Datum.pdf,2017,0,,MySQL In Asia.,Roger Haenni; Datum App; United States; People's Republic; South Korea; Background Stakeholders Privacy Datum,True
Dawq,Dawq.pdf,2018,0,,,Bitcoin Gold; Equihash. Equihash; Application Specific Integrated Circuits; Radial Code; QR Code; Barcode. Fully,True
Dcx,Dcx.pdf,2017,0,,,,True
Dealbox,Dealbox.pdf,2017,0,github:Majoolr,,Salk Ave; Legal Disclaimer; DealBox Process; Funds Allocation; Risk Factors; Securities Act,True
Debitum Network,Debitum Network.pdf,,0,,,,False
Decent,Decent.pdf,,0,,,,False
Decentraland,Decentraland.pdf,2017,0,github:decentraland; medium:simondlr,,Esteban Ordano; Ariel Meilich; Yemel Jardi; Manuel Araoz; Flurry Analytics Blog; Jake Brukhman,True
Decentralized Escrow,Decentralized Escrow.pdf,,0,,,,False
Decentralized News Network,Decentralized News Network.pdf,2017,0,,Samit Singh; Dondrey Taylor; Justin Festa; Matt Chwierut; Dario D'Aprile; Research Director,By Samit Singh; Draft Version; Special Thanks,True
Deckswap,Deckswap.pdf,2017,0,,,Enabling Payment; Minimizing Artificial Costs; Rank Verification; Supported Games; Future Games; Account Verification,True
Decoin,Decoin.pdf,,0,,,,False
Deex,Deex.pdf,2017,0,twitter:bitshares,Sergey Besedin,Dynamic Account Permissions; Scheduled Payments; Transferable Named Accounts; Delegated Proof-of-Stake Consensus,True
Dehedge,Dehedge.pdf,2017,0,,,Hedging Risks When Investing; Hedging Risks When Buying; Investment Strategy; Potential Users; Some ICOs; Although ICOs,True
Delphi Systems,Delphi Systems.pdf,2015,0,"github:Dexaran; medium:AugurProject,TonySwish,ConsenSys,giveth",,Prediction Markets; Existing Approaches; Delphi Systems; Core Principles,True
Dencity,Dencity.pdf,2010,0,telegram:vitalik_buterin,,ERE YO; SE YO; TheprimarymotiveofusingEthereum BlockchaintechnologytorunDenCityistoshift; HTCViveandothers. AccordingtoStatista; DenCityisanEthereum BlockchainandAIpoweredmetaversethatprovidesyouanengagingand; In DenCity,True
Dent,Dent.pdf,,0,,,,False
Dentalfix,Dentalfix.pdf,,0,,,,False
Destineed,Destineed.pdf,,0,,,,False
Dether,Dether.pdf,2016,0,medium:VitalikButerin,George Li; WeTrust.io  Andy Yen; Ethereum France,ETH Method; As Satoshi Nakamoto; Buenos Aires. Buy; Paris. Pay; New York City. Buy; Melbourne. Buy,True
Devery,Devery.pdf,2018,0,"github:devery,bokkypoobah",Logistics Advisor,Andrew Rasheed; Antoine Najjarin; Chironjit Das; Entry Verification Engine; Devery Toolset,True
Diamond Guard,Diamond Guard.pdf,2017,0,,,Key Functions; ICO Terms; Diamond Guard,True
Dibbs,Dibbs.pdf,,0,,,,False
Digipulse,Digipulse.pdf,2017,0,,Normunds Kvilis; Dmitry Dementyev-Dedelis,,True
Digit Coin,Digit Coin.pdf,2018,0,,Ms. Pimchaya Burincharoen,Partners      Co-founders      Strategic Partners,True
Digital Developers Fund,Digital Developers Fund.pdf,2015,0,,,Anthony C. Eufemio; Kai C. Chng; Shaun Djie; Wiki  GitHub; Key Products; Time Stamp,True
Digitex,Digitex.pdf,2021,0,,Arthur Hayes,By Adam; DigitexFutures.com December; Commission-Free Futures; GTX Price; Order Book; Digitex Oracle,True
Digixdao,Digixdao.pdf,2015,0,,,Anthony C. Eufemio; Kai C. Chng; Shaun Djie; Wiki  GitHub; Key Products; Time Stamp,True
Digmus,Digmus.pdf,2018,0,,,ICO Implementation Legislation; Bayer AG; Existing Solutions,True
Dimensions Network,Dimensions Network.pdf,2017,0,,,North Western Canada; Gold Standard Gold,True
Disciplina By Teachmeplease,Disciplina By Teachmeplease.pdf,2018,0,,,United States,True
Disledger,Disledger.pdf,2017,1,,Dan Conner,DCL Ethereum Address; Distribution Date; End Date; DisLedger.com September; Processing Speed; Concurrence Ledger Processing,True
District0X,District0X.pdf,2017,8,,Matus Lestan; Carl Bennett; Brayton Williams; VC Vincent Zhou,Joe Urgo; Transparency Policy,True
Districts,Districts.pdf,2025,0,,,Districts Visual Studio,True
Diw Token,Diw Token.pdf,,0,,,,False
Dmarket,Dmarket.pdf,2017,0,,GL Ventures; Fnatic Gear,Volodymyr Panchenko; Alexander ZeroGravity Kokhanovskyy; Sergey Nemesh; Video Games; Items Unique Signature; History Influence,True
Doc Coin,Doc Coin.pdf,,0,,,,False
Docademic,Docademic.pdf,2017,0,,Former Mozilla; Charles Nader; Reid Hoffman; John Lilly; Chris Yeh. He; Isao Hojyo,Sidrese SA; Mitt Romney; Republican Party's; United States; Peter B. Nichol; Marcus Tullius Cicero,True
Dochain,Dochain.pdf,2017,0,,,This Silkos,True
Doft,Doft.pdf,,0,,,,False
Dogezer,Dogezer.pdf,2018,0,"twitter:DogezerCom; telegram:dogezer,dogezer_bounty; linkedin:alexander-kozlov-2563027,nikita-rams-a90193144,sergey-chmilenko-95785660,nataliya-kozlova-470339146,dmitriy-dolinin-a429b0a1,sergey-sukov-89abb7,dan-khomenko-36687967,agudkov,sakiskarakitsos,brian-schafer-5bb06a3a; medium:dogezercom; facebook:profile.php",Dean Karakitsos  Ambassador; South African,A. Kozlov N. Rams; S. Chmilenko S. Sukov; N. Kozlova D. Dolinin; Software Engineers; UX Designers; Google Docs,True
Dolphinbi,Dolphinbi.pdf,,0,,,,False
Dome Platform,Dome Platform.pdf,2016,0,,,Roman Nekrasov,True
Domraider,Domraider.pdf,2017,0,"twitter:startupeddy,vidal007,sebbourguignon; linkedin:startupeddy,vidal-chriqui,sebastienbourguignon; facebook:StartupEddy",Jeremy Epstein; Ethereum France; Eric GU; Tristan Colombet,DomRaider. Only; Securities Act; Drop Catching; Top-Level Domains; Assigned Names; Generic Top-Level Domains,True
Dopameme,Dopameme.pdf,2017,0,github:ethereum,Sergio Valencia; Co-Founder Humberto Sanchez; Co-Founder Odiseo Ibanez; Robbert Walstra  Legal; Co-Founder Andres Sosa; Robbert Walstra  Legal Advisor,Dopameme An Incentivized User-Generated; Humberto Sanchez; Odiseo Ibanez; Post Attributes; Cashing Out; DMT Found Allocation,True
Dopamine,Dopamine.pdf,2017,0,medium:intuitionmachine,,Yerushalmi Version; Zika. Many,True
Dovu,Dovu.pdf,2017,0,,Irfon Watkins Founder; Arwen Smit Co-founder; Krasina Mileva Co-founder; Tom Holder; Rob Jones; David Drake,Mobility Inefficiencies; Fiat Limitations; Circular Economy; Mobility Sector Experts; Commercialisation Strategy; Non-compatible Data,True
Drac,Drac.pdf,2017,0,,,Xavier Molina; Sergio Calzn; Flama Functioning,True
Dragonchain,Dragonchain.pdf,2017,0,github:dragonchain,,Disney's Seattle; Non-Profit Corporation; Disney Dragonchain; Grand View Research; Dragonchain Commercial,True
Dreamteam,Dreamteam.pdf,2017,0,,OF ESL; LEY LLP,,True
Dropdeck,Dropdeck.pdf,,0,,,,False
Droplex,Droplex.pdf,2018,0,,Alexander Chub; Sergey Sergienko; Colin Drury; John Sander,Next Steps; Glossary LiveCam,True
E-Chat,E-Chat.pdf,2017,0,,,Affiliate Program; Chat Monetization; App Store; Google Play; Awesome Messenger; Ultimate Privacy,True
E4Row,E4Row.pdf,2014,0,github:ethereum,,Live Player Games LLC; Live Player Games; Chevrat Baam; An Android; Uncle Finney's Poker; Contribution Campaign,True
Eagle Project,Eagle Project.pdf,,0,,,,False
Earth Token,Earth Token.pdf,2016,0,,Managing Director; Renewable Energy,Published August; Environmental Sustainability Meets; Climate Neutral Fuel; Waste-to-Energy Solutions; Confidentiality Statement; Natural Capital,True
Easyfast,Easyfast.pdf,2017,0,,,Legal Arbitration; Competitors Analysis; Escrow  Arbitration  Reputation,True
Easymine,Easymine.pdf,2017,0,twitter:easymineio; facebook:Easymine.io,Andrzej Belczak; Witold Turzaski; Piotr Kosiski Advisor,PlaAorm Architecture; Revision History,True
Ebcoin,Ebcoin.pdf,2018,0,github:ethereum,Eximbay Singapore; Jason J. Kim; Julius S. Han; Dustin H. Kim; Peter King; Asia Pacific,Last Updated; Tax Refund; EBCoin Roadmaps,True
Eco-Nan,Eco-Nan.pdf,2017,0,,Genoa IT; Fribourg CH; Imperia IT; Seattle USA,Nunc Aut Nunquam; EAF Dusts; Clean Tech; Waves Repositories,True
Ecogreenhouse,Ecogreenhouse.pdf,,0,,,,False
Ecos,Ecos.pdf,,0,,,,False
Edgecoin,Edgecoin.pdf,,0,,,,False
Efir,Efir.pdf,,0,,,,False
Ehab,Ehab.pdf,2018,0,,CEO  CTO; Josh Graham; Filipe Moura; Michael Williamson; Innovation Strategy; Emerging Markets,Discovery Portal; Crowdfunding Marketplace; Construction Tracker,True
Eharvesthub,Eharvesthub.pdf,2017,0,,Position Rank Position CEO; CTO COO CMO; As Managing; Stephen Mc Namara; Garrett Patricio  As; Alvaro Ramirez,Million Small Farmers; Let's Get,True
Eidoo,Eidoo.pdf,,0,,,,False
Eiracube,Eiracube.pdf,2018,0,"linkedin:stephenabrooks1,laurawynch,tad-shepperd-b79361,hanniganfrank,conorcarmody,konstantindubinin,frank-deasy-05054815,abelenky,countbox",Frank Hannigan Enterprise Ireland; Conor Carmody Partnership; Andrey Struykov,Revenue Streams; Crowd Sale; EiraCube Advisory Board; Invention Bridge SLU; Investors Contributors,True
Ekash,Ekash.pdf,,0,,,,False
Elcoin,Elcoin.pdf,2019,0,,Inventions. Patentee; MD. Cardiologist,Production Enterprise,True
Electroneum,Electroneum.pdf,2017,0,,Richard Ells,Electroneum. More; Mining Electroneum; Gaming Industry; Existing Virtual Currencies; Release Schedule,True
Elementh,Elementh.pdf,,0,,,,False
Elige.Re,Elige.Re.pdf,2019,0,"github:ethereum,globus",,Projects Applicability; Cancer HIV Protides Protides; Prions Chemical Compounds Research; Project's Stages; Conducting Emission; Basic Mechanisms Super-Node,True
Ellcrys,Ellcrys.pdf,2018,0,,Kennedy Idialu; Odion Olumhense; Victor Asemota Co-Founder; Lanre Oyedotun; Chuka Ofili,On Ellcrys,True
Eloplay,Eloplay.pdf,2017,0,,,Vitaly Balakhonov; Yuri Vysotsky; Dmitry Salnikov August; Current Esports Challenges; Gas Fee; Eloplay Advertising Module,True
Elpis,Elpis.pdf,,0,,,,False
Embermine,Embermine.pdf,,0,,,,False
Embleema,Embleema.pdf,,0,,,,True
Emiratecoin,Emiratecoin.pdf,2017,0,,,Silk Road,True
Emphy,Emphy.pdf,2017,0,,,,True
Emu Project,Emu Project.pdf,2014,0,"linkedin:pavel-karatay-52b06066,maxim-karatai-ba565111a,aleksey-salnichenko-27951578,ruslan-levkov-87a96710a,--022a4513a,--71169568,artur-antonyan-708259108,dmitry-stasyuk-358423143,dmytro-kozlov-89836913b; facebook:profile.php",,Your EMU; Android. Having,True
Encrypgen,Encrypgen.pdf,2017,0,"twitter:CorionPlatform; telegram:joinchat; github:CORIONplatform,ethereum,DavidJohnstonCEO; facebook:CORIONPlatform",,Switzerland Authors; Attila Dancs; Miklos Denkler; Zoltan Bor; Ida Froyda; Target Users,True
Encryptotel,Encryptotel.pdf,2016,0,,,Roman Nekrasov,True
Energi Token,Energi Token.pdf,2017,0,,Omar Rahim; Momin Hashmee; Alain Richardt; Energi Mine's; John Townsend; Eddy Travia,Energi Mine,True
Energizium,Energizium.pdf,2016,0,,,Satoshi Nakamoto,True
Enet Network,Enet Network.pdf,2018,0,github:enetnetwork,,ICO Phase,True
Engraved,Engraved.pdf,2017,0,,,File Integrity Verification; Ownership Registry; Integrity Validation; Maintenance Incentives; Engraved Dashboard; Advanced Engraved Dashboard,True
Enigma Catalyst,Enigma Catalyst.pdf,2017,0,,,Enigma Catalyst; Guy Zyskind; Can Kisagun; Through Catalyst; RESTful APIs,True
Enjin Coin,Enjin Coin.pdf,2017,0,"twitter:vitalikbuterin,enjin; telegram:enjin_coin; github:raiden-network,ethereum,enjin; reddit:enjincoin; medium:coinfork; facebook:enjinsocial",Gaming Technical; Cryptocurrency Evangelist,Internal Data; Virtual Goods; Technical Considerations; Public API; Manage Virtual Goods; Easy Automatic Payments,True
Enledger,Enledger.pdf,2014,0,,,Renewable Energy Markets; Jason Dispenza; Christina Garcia; Ryan Molecke Enledger; Coastal Highway Lewes; EnLedger.io July,True
Ens.Bid,Ens.Bid.pdf,2015,0,github:ethereum,,Introduce DNS; Introduce ENS; Prevent Phishing; Introduce DApp; User Friendly Interface,True
Envion,Envion.pdf,2017,0,,Matthias Woestmann,Legal Disclaimer; Operating Models; Mining Worker; Mining Rack; Heat Management; Sensor Arrays,True
Eos,Eos.pdf,,0,,,,False
Epoch,Epoch.pdf,2018,0,,Dr. Leonz Kessler; Dr. Niklas Lattmann; Balz Lenzi; Helen Dscher; Kevin Asper; Principal Consultant,Core Technologies; Enterprise Applications,True
Equi,Equi.pdf,,0,,,,False
Equibit Group,Equibit Group.pdf,2011,0,,,Peer-to-Peer Electronic; Brent Kievit-Kylar; Chris Horlacher; Marc Godard; Developer Toronto; ON Canada,True
Eristica,Eristica.pdf,2017,0,medium:startup-grind,Vitalik Buterin; Nikita Akimov; Donald Trump; Press Advantage,Mass Challenges; Alex Nabokov September; Mark Antony; David Threlfall; Neil Armstrong; Eighty Days,True
Esports,Esports.pdf,,0,,,,False
Esr Wallet,Esr Wallet.pdf,2018,0,,Moscow State University; Moscow State University.,Cambridge University,True
Estate Coin,Estate Coin.pdf,2017,0,,,ETH Lottery; Jackpot. We; Billion USD,True
Etardis,Etardis.pdf,2017,0,,,Core Objectives; Marking Core Competency; Revenue Maximization; Crowdfunding Event; Who May Participate,True
Etcetera,Etcetera.pdf,2018,0,,,,True
Eth Lottery,Eth Lottery.pdf,2017,0,,,ETH Lottery; Jackpot. We; Billion USD,True
Ethace,Ethace.pdf,2017,1,"github:Majoolr,0xProject",,Blackjack Challenge. Players; Current Issues; Existing Casinos; Blackjack Challenge; Competitive Analysis; Random Number Generator Logic,True
Ethbits,Ethbits.pdf,2017,0,"github:ethersphere,ethereum,raiden-network",,Europe. Be,True
Ethbooks,Ethbooks.pdf,2017,0,,,ETH Lottery; Jackpot. We; Billion USD,True
Etheal,Etheal.pdf,2017,0,medium:matthewdif,,Dr. Mihaly Kertesz Viktor; Securities Act; United States,True
Ethearnal,Ethearnal.pdf,2017,0,,,Freelancers Union; New York City; Freelance Union's; North American,True
Ether Legends,Ether Legends.pdf,2017,0,,,Ether LegendsTM; Ether Legends; Ether LegendsTM Marketplace; Elementeum Gaming; Fully Automated,True
Ethera Coin,Ethera Coin.pdf,2016,0,,Priceline Expedia CTrip Trip; Marius Silensik,Decentralised Travel Booking Marketplace; CGE Ledger. API; Master Card; CGE Ledger,True
Ethereum High,Ethereum High.pdf,2017,0,,,Ethereum High; Ethereum High. Providing,True
Ethereum Metal,Ethereum Metal.pdf,2015,0,,,Ethereum Metal; OU ARE IN ANY,True
Ethereum Movie Venture,Ethereum Movie Venture.pdf,2017,0,,,Ethereum High; Ethereum High. Providing,True
Ethereum Sweepstakes,Ethereum Sweepstakes.pdf,2017,0,,,Legal Arbitration; Competitors Analysis; Escrow  Arbitration  Reputation,True
Ethereum.Link,Ethereum.Link.pdf,,0,,,Steven Kelly; Physical Silver Bullion; Ownership Registration; Growth Plan; Link Investment Solutions; As Ethereum.link,True
Etherflyer,Etherflyer.pdf,2017,0,twitter:etherflyercom; telegram:etherFlyer,,Cryptos Trading Made Easy; Providing One-stop Liquidity; High Speed Ordering; Cross-Chain Trading; Traded Online,True
Etheriya,Etheriya.pdf,,0,,,,False
Ethernal Heroes,Ethernal Heroes.pdf,2017,0,,,Ethernal Heroes; Collectible Card Games; Google Play Top Chart; Apple App Store Top; United States. In; Browser PC,True
Etheroll,Etheroll.pdf,2016,1,reddit:etheroll,,Initial Public Offering; Ordinary Shares; Draft February,True
Etherparty,Etherparty.pdf,2017,0,github:ethereum,,Next Evolution Is Adoption,True
Ethersport,Ethersport.pdf,2017,0,,Timofei Bezruk; Leonid Astrakhanskyi; Frank Bonnet Technical; Melcom Copeland Gaming; Max Krupyshev,Legal Aspects; EtherSport Advantages; Technical Implementation; Data Storage; Betting Modes,True
Ethersportz,Ethersportz.pdf,,0,,,,False
Ethichub,Ethichub.pdf,2017,0,"github:Ramarti; linkedin:jori-armbruster-4152752a,pablo-chang-28a585147,raulmart,mrgutierrez,diego-pardilla,qijiong-jiang-09934066,luisespiga,guillermoescuderog,gabriela-chang-valdovinos-76b34410,10977867",Mobile Platforms,Only-in-Success Fees; Ethic Hub; Human Based Economics,True
Ethlend,Ethlend.pdf,,0,,,,False
Ethorse,Ethorse.pdf,2017,2,"github:ethorse,OpenZeppelin,trufflesuite; reddit:ethdev,Ethorse; medium:ethorse",,Avoiding Manipulation,True
Eticket4,Eticket4.pdf,2018,0,github:eticket4ico,Ilia Stechkin,Eastern Europe,True
Evacoin,Evacoin.pdf,2018,0,"linkedin:gooer,scottmallard,alexismfernandez",Hunter Lin; Kris Cheng,History Competitive Advantages Featured; Real Estate Transactions; North America Real Estate; New Zealand; San Francisco; Manhattan. Even,True
Evareium,Evareium.pdf,2018,0,,Tom Le  Technical; Associate David Pryce  Commercial; David O'Riley  Commercial; Stefan Hickmott; David Pryce  Commercial; Middle East,Evarei Management LLC On; HER OWN,True
Eventchain,Eventchain.pdf,2018,0,twitter:eventchain_io; telegram:eventchain; github:ethereum; reddit:EventChain,Founder Ashton,About EventChain; Payment Processing; SmartTicket Computational Costs; Centralized Event Industry; Live Nation; Ticket Issues,True
Everex,Everex.pdf,2017,0,telegram:uPort_,Jim Yong Kim. URL,Tallinn University,True
Evitan,Evitan.pdf,,0,,,,False
Ewaiter,Ewaiter.pdf,,0,,,,False
Exchange Union,Exchange Union.pdf,2017,0,,,,True
Exmo Coin,Exmo Coin.pdf,2018,0,,,Where We; Margin Loans Implementation Objectives; Connection Between Loans; Growth Potential; Various Distribution Sce,True
Exmr,Exmr.pdf,2017,0,,,North Western Canada; Gold Standard Gold,True
Experty,Experty.pdf,2017,0,facebook:groups,,Pawel Bylica; Golem Factory,True
Exscudo,Exscudo.pdf,2017,0,,,Low Penetration; Versatile Trading Tools; Legal Compliance; Debit Cards; Trading Terminals; Exscudo Channels,True
Exsulcoin,Exsulcoin.pdf,2017,0,twitter:ExsulCoin; telegram:joinchat; facebook:ExsulCoin,Education Program,,True
Extra Credit,Extra Credit.pdf,2018,0,twitter:BitcoinHomework; telegram:ExtraCreditToken; medium:BitcoinHomework; facebook:ExtraCredit.io,Curtis Smith,Extra Credit; Join Extra Credit; Satoshi Nakamoto's; An Evolving Learning Portal; Affiliate Program; Social Networks,True
Eygex,Eygex.pdf,,0,,,,False
Ezmarket,Ezmarket.pdf,2017,0,twitter:ezmarketsupport; facebook:EZMarket-112233276141456,,,True
Ezpos,Ezpos.pdf,2018,0,,Hoa Nguyen; Duong Doan; Charles Ehredt,Engaging Customers; Customer Loyalty Points; Opportunity Statement; Cloud-based Solutions Porfolio; Huge Opportunity; Merchants Are Focused On,True
Fabric Token,Fabric Token.pdf,2017,0,"twitter:press; github:ethereum,hyperledger",Nikolay Nikov; Co-Founder Marin Ivanov; Co-Founder Doncho Karaivanov; Marin Ivanov; Doncho Karaivanov,Simeon Karaivanov; DApp Workbench; Fabric Store; Further Developments; Adopting Blockcha,True
Faceter,Faceter.pdf,2017,0,github:faceterteam,Robert Pothier; Robert Pothier CEO; Igor Karavaev; ICObench. Ex-executive; Vladimir Tchernitski CTO,,True
Familypoints,Familypoints.pdf,2017,0,,,Advisory Board; Corporate Partners; Parenting Problems; Fake Reviews,True
Fapcoin,Fapcoin.pdf,,0,,,,False
Farad,Farad.pdf,2009,0,github:VirtueFintech,,Wan M. Hasni; M. Hisham Ismail; You Hua Nong; HK Aerospace Beidou New,True
Farmatrust,Farmatrust.pdf,,0,,,,False
Fast Invest,Fast Invest.pdf,2017,0,twitter:FASTINVEST_COM; telegram:joinchat; linkedin:20889829; medium:fastinvest; facebook:fastinvest,Simona Vaitkune,Fast Invest; Fast Invest User Account; Decentralised Lending; Crypto-proved Lending; Mobile App; Payment Card,True
Feast Coin,Feast Coin.pdf,,0,,,,False
Femaletoken,Femaletoken.pdf,2018,0,telegram:fruocoin; reddit:FruoCoin,,Main Features; Fruo Pay; Local Fruo; Bitcoin Problems; But FruoCoin; Without TOR,True
Fic Network,Fic Network.pdf,,0,,,,False
Fidcom,Fidcom.pdf,2017,0,,,,True
Fidentiax,Fidentiax.pdf,,0,,,,False
Fiinu,Fiinu.pdf,,0,,,,False
Filecoin,Filecoin.pdf,2017,0,,,,True
Finix,Finix.pdf,,0,,,,False
Finom,Finom.pdf,2018,0,"twitter:finom_company; telegram:finom_community,finom_rus,finom_es,finom_ch,finom_news; facebook:finom.company",Joined Cryptonit,Construction Stages; Nanopool Mining Pool; TabTrader BV; Cryptal Mining Center; Cryptogen Miner; Finom Data Center,True
Finshi Capital,Finshi Capital.pdf,2017,0,"twitter:FinshiCapital; telegram:finshicapital,finshi_rus,finshi_rus1,finshicapital1; facebook:finshi.capital",FinShi Capital's,FinShi Capital Crowdsale; FinShi Capital; Singapore Main,True
Fintechfans,Fintechfans.pdf,2018,0,,Wiebe-Marten Wijnja; Frank Jansema; Michel Herder,Fintech Job Board; Billion US; FintechFans Job Board; Web Portal; FintechFans' Plans; About Fintechfans,True
Fintrux,Fintrux.pdf,2017,0,telegram:FintruX; github:FintruX; facebook:FintruX,,Nelson Lin; Making Unsecured Loans Highly; Conrad Lin,True
Fire Lotto,Fire Lotto.pdf,2018,0,,,Challenges Faced; Lottery Industry,True
First Crypto Etf,First Crypto Etf.pdf,2017,0,,,,True
First Token Asia,First Token Asia.pdf,2017,0,,Vitalik Buterin,Connecting Asian; Securities Act; United States,True
Flashmoni,Flashmoni.pdf,,0,,,,False
Flixxo,Flixxo.pdf,2017,0,medium:flixxo,Michael Terpin,Likecoin.  Anyone,True
Fluence,Fluence.pdf,,0,,,,False
Fluzfluz,Fluzfluz.pdf,2018,0,"twitter:FluzFluzGlobal; telegram:fluzfluz; reddit:fluzfluz; medium:fluzfluz,giyom; facebook:fluzfluzglobal",Helados Popsy Commercial; Nike Colombia; Drogueras La Pasteur; Stefan Krautwald; Luis Felipe Quiones,User Interface; Retail Partners; User Journey; Board Advisors; Premier Seats Membership; Media Links,True
Flyp.Me,Flyp.Me.pdf,,0,,,,False
Folio.Ninja,Folio.Ninja.pdf,2017,0,discord:rMTDHg3; medium:HireBitsCo,,Kick ICO Discord; Robotic Process Automation; Artificial Intelligence; United States,True
Follow Coin,Follow Coin.pdf,2017,0,twitter:FollowCoinbv; reddit:Followcoin; facebook:followcoin,,Influencer Scorecard; Trade Academy; Trade Suggestions; Follow Influencer Trading; Times New Roman,True
Foodimus,Foodimus.pdf,2018,0,,Robbert Vermeulen; Jeroen Vroemen,Foodimus Bond; Implementing Artificial Intelligence,True
Foreground,Foreground.pdf,2017,0,,Rick Feiner; Evan Roth Technical,Go-To-Market Strategy,True
Fornicoin,Fornicoin.pdf,2018,0,,,Solutions Fornicoin Provides; Fornicoin Specifically; Technical Details,True
Fortitude Ranch,Fortitude Ranch.pdf,2017,0,github:FortitudeRanch; facebook:fortituderanch,FR IMO; Fortitude Ranch's; Nassim Taleb; William Mougayar; Alex Tapscott; JP Morgan,Fortitude Ranch Initial MemberCoin; Fortitude Ranch Prepare; Initial MemberCoin Offering; DDP CEO Fortitude Ranch; FR CEO; Masters Degree,True
Fortunetoken,Fortunetoken.pdf,,0,,,,True
Forty Seven Bank,Forty Seven Bank.pdf,,0,,,,False
Foxcasino,Foxcasino.pdf,,0,,,,False
Frasindo,Frasindo.pdf,,0,,,,False
Freedom Streaming,Freedom Streaming.pdf,2018,0,,,Streaming Platforms; Freedom Streaming,True
Freelancercoin,Freelancercoin.pdf,,0,,,,False
Fruocoin,Fruocoin.pdf,2018,0,telegram:fruocoin; reddit:FruoCoin,,Main Features; Fruo Pay; Local Fruo; Bitcoin Problems; But FruoCoin; Without TOR,True
Fucktoken,Fucktoken.pdf,2017,0,,,File Integrity Verification; Ownership Registry; Integrity Validation; Maintenance Incentives; Engraved Dashboard; Advanced Engraved Dashboard,True
Fueldapp,Fueldapp.pdf,2017,0,,TB Capital Management,PC. It,True
Fujinto,Fujinto.pdf,2017,0,,,By Myhospiworld; Tourism Industry,True
Fund Platform,Fund Platform.pdf,2017,0,twitter:fund_platform; telegram:FundPlatform; medium:fundplatformsmm; facebook:fundplatformproject,,,True
Fund Yourself Now,Fund Yourself Now.pdf,2016,0,,,Milestone Payments; Voting Internal Marketplace Web; Crypto-currency Conversion Social Ratings; Campaign Milestones; Billion USD; Kickstarter. Growth,True
Fundaria,Fundaria.pdf,,0,,,,True
Fundrequest,Fundrequest.pdf,2017,0,"github:ethereum,Giveth",,,True
Further Network,Further Network.pdf,2016,0,,,Further Network's; United States; United States-based; Travel Industry's; Data Structure; An Identity,True
Fusion,Fusion.pdf,2017,0,github:ethereum,,,True
Futereum,Futereum.pdf,2017,0,,Genoa IT; Fribourg CH; Imperia IT; Seattle USA,Nunc Aut Nunquam; EAF Dusts; Clean Tech; Waves Repositories,True
Future Coin Light,Future Coin Light.pdf,2018,0,,,FutureCoin Light; Some Facts; Name Symbol Total Supply; ICO Decimal; Standard ICO Date Price; FutureCoin FTC,True
Galactikka,Galactikka.pdf,,0,,,,False
Game Machine,Game Machine.pdf,2017,0,,,Game Machine; Rise Machine; Beta Test; Ads Machine,True
Gamecoin,Gamecoin.pdf,,0,,,,False
Gameflip - Flip,Gameflip - Flip.pdf,2017,0,,JT Nguyen; Terry Ngo; Kotaro Yamagishi; Heiko Hubertz; Chris Akhavan; Billy Sungwoo Lee,Legal Disclaimer; Silicon Valley,True
Gamex,Gamex.pdf,2017,0,,,Legal Arbitration; Competitors Analysis; Escrow  Arbitration  Reputation,True
Gamity,Gamity.pdf,2018,0,telegram:fruocoin; reddit:FruoCoin,,Main Features; Fruo Pay; Local Fruo; Bitcoin Problems; But FruoCoin; Without TOR,True
Garnet,Garnet.pdf,2017,0,,,ICO Days; Last Day; United States,True
Gatcoin,Gatcoin.pdf,2017,0,,Simon Cheong,,True
Geens,Geens.pdf,2018,0,"github:goblin,bitcoinaustria",,Google Drive; Geens. They; Some Geens,True
Gelios,Gelios.pdf,,0,,,,False
Gems,Gems.pdf,2017,0,reddit:HITsWorthTurkingFor,,Draft Version; Rory O'Reilly Kieran O'Reilly; Gems Staking Mechanism; Gems Trust Score; Gems Modules; First Module,True
Genaro,Genaro.pdf,2016,0,,Larry Liu,Receipt Maker; Receipt Prover; Sybil Attack; Using Challenge Function; Extract Files Using SPoR,True
Genesis Vision,Genesis Vision.pdf,2017,0,twitter:news; github:ipfs,Alexey Kutsenko,Dmitry Nazarov Ruslan Kamenskiy; Traditional Trust Management; Private Managers; Managers' Cryptocurrencies; Trading Platforms; Connecting Managers,True
Genevieve Gx,Genevieve Gx.pdf,2017,0,,,Legal Arbitration; Competitors Analysis; Escrow  Arbitration  Reputation,True
Genieico,Genieico.pdf,,0,,,,False
Geofunders,Geofunders.pdf,2018,0,twitter:geofounders; medium:geofounders; facebook:geofounders,All Geo; Miscellaneous Geo; Discussion Regarding Geo; Some Geo,Shaun Shull May; GeoFounders Middleware,True
Gif By Socifi,Gif By Socifi.pdf,,0,,,,False
Gift Token,Gift Token.pdf,,0,,,,False
Giftcoin,Giftcoin.pdf,2017,0,,Lady Astor; Brightbee Tom,Jon Duschinsky; ALS's Ice Bucket Challenge; Shirley Conran OBE,True
Giftz.Io,Giftz.Io.pdf,2017,0,twitter:2017,Nancy Gordon; Spectrum Bank; Ace Portal,By Rewards Media; GiftzTM Card Deposits,True
Gigecoin,Gigecoin.pdf,2018,0,,,Gig Economy; Motivation Behind; Road Map; US Freelance Statistics,True
Gilgamesh Platform,Gilgamesh Platform.pdf,2018,0,,Mahdi Pedramrazi,Engagement Flow; Governance Flow; IOS Application Flow; User Profile; Book Details; User Feed,True
Gimli,Gimli.pdf,2016,0,github:ethereum,,On Gimli,True
Gimmer,Gimmer.pdf,2017,0,,Prsio Flexa; Philipe Comini; Paul Lindsell; Joo Renato,Automated Crypto-Trading,True
Git Money,Git Money.pdf,2017,0,,,North Western Canada; Gold Standard Gold,True
Givacoin,Givacoin.pdf,2017,0,,,Consumer Fundraising; Customer Facing; Income Projection,True
Giza Device,Giza Device.pdf,2017,0,,,Device App; InitialCoin Offering; Device Ltd.to,True
Gizer,Gizer.pdf,,0,,,,False
Gladius,Gladius.pdf,2017,0,github:gladiusio,,Working Draft; DDoS Protection; Primary Objectives; Competitive Analysis; Funding Breakdown; Funding Details,True
Global Jobcoin,Global Jobcoin.pdf,2018,0,,Sanket Deshmukh; Lukasz Ochnik,Dividend Example; Trading Platforms; ICO Presale; ICO Crowd Sale; Target Clients; Current Status,True
Global Metrology Project,Global Metrology Project.pdf,2017,0,,Sergey Maltcev; Francis Collins; Igor Vasilyev Specialist,Nobel Prize Laureate; Sklodowska Curie,True
Globetrotter,Globetrotter.pdf,2017,0,,Philippe Derudder,An Ethereum,True
Globitex,Globitex.pdf,2017,0,github:ethereum; reddit:Bitcoin,Mr Arvis Ermins; Mr Maris Kaneps; Black Swan Risk; Durable Widespread Source,Scaling Bitcoin Economy; Jon Matonis; Liza Aizupiete; Arvis Ermins; Maris Kaneps; Andris Kaneps,True
Globo,Globo.pdf,,0,,,,False
Glu,Glu.pdf,,0,,,,False
Gn Compass,Gn Compass.pdf,,0,,,,False
Goal Bonanza,Goal Bonanza.pdf,2017,0,,Andrew Rippon; Aleksandar Birovljev; Ivan Recevic; Gaurang Manjrekar; Ahmed Elmi; Srdjan Erceg,Goal Bonanza,True
Godzillion,Godzillion.pdf,2016,0,twitter:godzillion_io,Early Contributors; Rodrigo Sainz; Cristobal Pereira; Eduardo Portugues,Cristbal Pereira; Ethereum Virtual Machine,True
Goldea,Goldea.pdf,2017,0,github:GoldeaToken,,ICO Details,True
Golden Fleece,Golden Fleece.pdf,2017,0,,,Golden Fleece; Mining Industry; Golden Fleece Mining Facilities; Building Infrastructure; Mining Datacenter; Staying On Top,True
Goldmint,Goldmint.pdf,,0,,,,False
Golem,Golem.pdf,2016,0,twitter:golemproject,Julian Zawistowski; Viggith' Janiuk; Andrzej Regulski,Infrastructure Demand; Computing Resources Software; Golem Stone Golem Iron; Golem Future; Crowdfunding Crowdfunding; Application Registry. Together,True
Gomineworld,Gomineworld.pdf,,0,,,,False
Gpcc,Gpcc.pdf,2018,0,"twitter:gpccio; telegram:gpccio; github:globalprotectedcryptocopyright; linkedin:elizaveta-osiptsova-942b10153,roman-demidov,vlasyuk-sergey,--7614b453; facebook:gpccio",Smarttransferofuserights Collectiveprojectsonsmartcontracts Trackingoftheauthorworkuse Donatingtothe,Authorwork-aworkcreatedbyanauthor. Marketplaceofgoods-aplatform; GPCCTaninternaltokenoftheGPCCsiteusedtopayforservices. TOKENPRE-SALE-preliminaryfund-raisingaimedfortheTokensalepreparation. TOKENSALE-fundraisingthroughthetokenrelease. Softcap-minimum,True
Graft,Graft.pdf,2017,0,,,Slava Gomzin; Bitcoin Transaction Processing; Centralized Intermediary; Paypal. Although,True
Graphgrail Ai,Graphgrail Ai.pdf,2017,0,telegram:GraphGrailAi,Victor Nosko; Sergey Litvinov; Vladimir Putin,GraphGrail AI; Artificial Intelligence; GraphGrailAi Golos,True
Green List Standard,Green List Standard.pdf,2017,1,,Toni Caradonna; Patrick Salm; Sonke Fischer Strategy; SmartOne Smartone.legal; WWF Colombia; SmartOne  Legal,Roman Eyholzer; Eamonn Hynes; James Hardcastle; Nirmal Jivan Shah; Sandra Valenzuela; Green List Programme,True
Gron Digital,Gron Digital.pdf,,0,,,,False
Guidectf,Guidectf.pdf,2018,0,,,BlackRock ETP Landscape Industry; State Street; Invesco Power Shares; Wisdom Tree Investments; Goldman Sachs; Guide Cryptocurrency Traded Funds,True
Guts Tickets,Guts Tickets.pdf,2017,2,medium:TicketSwap,Maarten Bloemers,Shakespeare. Thirty,True
Hacken,Hacken.pdf,2017,0,,Donald Trump; Co-Founder HackIT,Principle Escrow; Audit Disclaimers HackenProof Unreported; Accelerator Cybersecurity Analytics Center; HackIT Conference Capture; Flag Competition; Cup Who Are We,True
Hada Dbank,Hada Dbank.pdf,2014,0,,Mohd Al-Shazanous; Investment Solutions. Beta AI,Exclusive Features; Advisory Board; Personal Banking; Islamic Banking Module; Islamic Banking; Muslims. It's,True
Hade,Hade.pdf,2018,0,,,Other Expected Uses; Anticpated Growth,True
Hamilton,Hamilton.pdf,,0,,,,False
Hamster Marketplace,Hamster Marketplace.pdf,2018,0,,Denis Bulavin; Russia. Yegor Kotkin; ICOs  Polybius. Xenofon Kontouris; Valentin Savchenko; Fleep. Also; Vaenga Music. Alexander Afanasyev,Hamster Marketplace; Niche Products; Target Indicators Of Funds; Raised Via Hamster; Marketplace Sales,True
Handelion,Handelion.pdf,,0,,,,False
Harbour Dao,Harbour Dao.pdf,,0,,,,False
Hash Rush,Hash Rush.pdf,2017,0,,Nathan' Ziedonis Creative; Craig Ritchie; Adrian Bugnar Art,Rush Coins; Hash Rush Mining Farm; Hash Rush; Mining Pool; Onboarding New Players; Maximum RC,True
Hashgains,Hashgains.pdf,2018,0,,,Green Energy; Millionaire Industry; ICO Stakeholders; Bitcoin Cash; Hash Power; Data Center,True
Hashhive,Hashhive.pdf,,0,,,,False
Hashtoken,Hashtoken.pdf,,0,,,,False
Havven,Havven.pdf,2018,0,,,Samuel Brooks; Anton Jurisevic; Michael Spain; Kain Warwick; Payment Networks; Equilibrium Nomin Price,True
Hdac,Hdac.pdf,,0,,,,False
Healpoint,Healpoint.pdf,2017,0,,,Continued Potential; Insurance Industry; Second Opinions; Medical Conditions; Competitive Landscape,True
Health Monitor,Health Monitor.pdf,,0,,,,False
Healthureum,Healthureum.pdf,2017,0,,By Becker's Hospital,,True
Heardbeats,Heardbeats.pdf,2017,0,"twitter:heardbeatsteam; telegram:heardbeats,heardbeats_group; medium:heardbeats; facebook:heardbeats",,North America,True
Heartbout,Heartbout.pdf,2018,0,,,Main Principles; Author Reward; Voter Reward; Cold Heart; Miner Reward; Backend HeartBout Interaction,True
Hearthy,Hearthy.pdf,2017,0,facebook:gluedigitalSP,Javier Blanco Thomas; CCO Anxo Soto; Anxo Soto; Juan Sebastian Valencia; Diana D. Reinoso,Javier Blanco Thomas Juan; Sebastian Valencia Suarez; David Conde Sayns; Empowered Patients; Hearthy Corporation; PHR Architecture,True
Hedge,Hedge.pdf,,0,,,,False
Hellenium,Hellenium.pdf,2022,0,,SS Legal SS Licensing,US Securities; Toll Operators,True
Hellogold,Hellogold.pdf,2017,2,"github:Ambisafe; linkedin:pavel-shkliaev-88a5b9124,alexander-bodiagin-9275b9124,anton-aksenov-941553b3,arthur-eolyan-a1b29940,ivan-krivonos-33168317,alex-kudryavtsev,alexvx,andrey-baranovich-29023855,stas-goshko-aa11bb130,anton-leshchenko; facebook:profile.php",,Addendum No; Money Back Guarantee; Money Back Guarantee. These,True
Helveticoin,Helveticoin.pdf,2016,1,github:psztorc,Mitigating Voter,Prediction Marketplace; Prediction Markets; Schelling Coordination Game; Miner Vetoes; Overrides. Like; PM. All PMs,True
Herby,Herby.pdf,2018,0,,,,True
Herdius,Herdius.pdf,2018,0,,,,True
Hero,Hero.pdf,2016,0,"twitter:Erwin_Smole,kenshishido; github:apetersson,jeromerousselot; linkedin:paul-polterauer-4933a1a0,philippeinsold,andreas-petersson-,johannes-mahler-941866123,vladan-vasic-534579147,michael-altrichter-348703,hubertus-thonhauser-b6a43127,michaeleisler,gerald-a-hollaus-0914394,belehner",Paul Polterauer; Philip Peinsold; Bernhard Blaha; Enable Future; Michael Eisler; Private Investor,In July,True
Highcastle,Highcastle.pdf,2014,0,github:jpmorganchase,Denys Goncharenko; Master's Degree,United Kingdom,True
Hipe,Hipe.pdf,2017,0,"linkedin:marat-da,ivan-zaparov,zamedya,amuzhyk,krivenko,rogovoi-vi,roudique,pavlenkoall; facebook:ivan.zaparovan,denis.volko,vitaliy.zam,a.muzhyk,KpuBexa,vitalij.rogo,roudique,maksim.ka,pavlenkoall",Marat Daulbaiev--; Vladimir Samoilov--,ICO Bonus,True
Hirebits,Hirebits.pdf,2017,0,discord:rMTDHg3; medium:HireBitsCo,,Kick ICO Discord; Robotic Process Automation; Artificial Intelligence; United States,True
Hirematch,Hirematch.pdf,2017,0,,,HireMatch. This; Job Boards; Job Board; Indirect Profit Sharing; Buy Back; No Guarantee,True
Hive Project,Hive Project.pdf,2009,0,,,Opportunity Qualification; Risk Assessment; Industry Sector Calculation Formula; Risk Scoring Example; Enhanced Hive Risk Assessment; Using AI,True
Hivemind,Hivemind.pdf,2016,1,github:psztorc,Mitigating Voter,Prediction Marketplace; Prediction Markets; Schelling Coordination Game; Miner Vetoes; Overrides. Like; PM. All PMs,True
Holdme,Holdme.pdf,2016,0,"github:holdmeio,iam-dev,OpenZeppelin",,Marshall McLuhan; WhatsApp. Furthermore,True
Homecoin,Homecoin.pdf,2018,0,,,Way America Buys Homes; Launched NewHomesAgents.com; National Association; Real Estate Sales; Home Buyers Direct Connect; United States,True
Hometoken,Hometoken.pdf,,0,,,,False
Homni,Homni.pdf,,0,,,,False
Honestis Network,Honestis Network.pdf,2017,0,,,Social Media,True
Honor,Honor.pdf,,0,,,,False
Hoqu,Hoqu.pdf,2016,0,"twitter:liveeye,1RomanHQ; github:hoqu-io; linkedin:aleksey-shmonov-a8294b29,ralphyliu,maxim-anikeev-598b14149,moelevin,aleksandr-duzhnikov,alexshifrin,akennethgoodwinjr,roman-k-95233654,mikecoppola,jeonggon-mun-670b8b28",,Industry Issues; Fraudulent Schemes; Personal Identification Issues; Ensuring Results; Cost Issues; Technical Features,True
Horizon State,Horizon State.pdf,2017,0,"linkedin:jamieskella,infoaddict,daniel-vertes-20a28946,nimonaamani,jason-theron-58381a5,orenalazraki,akgrenier,gasteiger,marta-poblet-a448055,john-flood-44b50a16",Uber. Startup; United Nations; Society. Inaugural,Decentralised Engagement; Horizon State; Increase Participation; Benefits Realisation; MVP Released; Addressing Existing Limitations,True
Hotoken,Hotoken.pdf,2016,0,medium:new-mobile-game-statistics-every-game-pu,BoazYemini Secondary; Nithinan Boonyawattanapisut; Varoon Aroonsit; Prachya Gorpaisarn; Chief Technical; Chief Economic,Primary Author; Important Notice; VI. HotNow  Becoming; XV. HotNow Summation; XVIII.Token Allocation; Funds Allocation,True
House Coupon Token,House Coupon Token.pdf,2018,0,"linkedin:gooer,scottmallard,alexismfernandez",Hunter Lin; Kris Cheng,History Competitive Advantages Featured; Real Estate Transactions; North America Real Estate; New Zealand; San Francisco; Manhattan. Even,True
Hubii Network,Hubii Network.pdf,,0,,,,False
Human Discovery Platform,Human Discovery Platform.pdf,2017,0,,Timur Karimbaev CEO; Sergey Mikhailov; HD-Stat Database; Of Methods,Current Challenges; Additional Variants,True
Humaniq,Humaniq.pdf,2017,0,linkedin:alexfork,Alex Fork,South America,True
Hungry Panda Games,Hungry Panda Games.pdf,,0,,,,False
Hurify,Hurify.pdf,,0,,,,False
Hush,Hush.pdf,2018,0,,,Other Expected Uses; Anticpated Growth,True
Hut34 Project,Hut34 Project.pdf,,0,,,,False
Hydrocoin,Hydrocoin.pdf,2018,0,,Information Quality,Heiko A. Schumann; Ekrem Ertuerk; Road Map,True
Hydrominer,Hydrominer.pdf,2013,0,,Paul Busch; Peter Farla; Lior Yaffe,V. Crowdsale Details VI; Supporters IX. Legal; Supporters  Legal,True
Ibuildapp,Ibuildapp.pdf,,0,,,,True
Ic3 Cubes,Ic3 Cubes.pdf,2017,0,,,North Western Canada; Gold Standard Gold,True
Ice Rock Mining,Ice Rock Mining.pdf,,0,,,,False
Icobasis,Icobasis.pdf,2017,0,,,,True
Icon,Icon.pdf,2017,0,"github:ethereum,EOSIO",Vitalik Buterin,Last Updated; Hyperconnect Korea,True
Iconiq Lab,Iconiq Lab.pdf,,0,,,,True
Iconomi,Iconomi.pdf,,0,,,,False
Icos,Icos.pdf,2017,0,,,By ICOBox,True
Idea Jump,Idea Jump.pdf,,0,,,,False
Idice,Idice.pdf,2017,0,,,Silk Road,True
Iex.Ec,Iex.Ec.pdf,,0,,,,False
Ignis,Ignis.pdf,2013,0,,Paul Busch; Peter Farla; Lior Yaffe,V. Crowdsale Details VI; Supporters IX. Legal; Supporters  Legal,True
Ignite Ratings,Ignite Ratings.pdf,,0,,,,False
Imigize,Imigize.pdf,2018,0,"linkedin:valery-chernik-759b993b,borodin777",Mr. Valery G. Chernik; Mike Tchernik Director; Sergey Gavrilyuk; Dmitriy Borodin; Aleksander Kosov; Oleg Lebedev,Imigize Imigize,True
Immla,Immla.pdf,2018,0,,Technical Science,,True
Immvrse,Immvrse.pdf,2017,0,,Alejandro G.Irritu,United Kingdom. ImmVRse; ImmVRse ICO; Solicitor Regulation Authority; VRtualise. VRtualise; United Kingdom; Information Commissioner's Office,True
Impak Coin,Impak Coin.pdf,2017,0,,Paul Allard Co-founder; Name Philippe Gablain Co-founder; Tima Gros Co-founder; Name Jean Oulhen; Armen Ouzounian; Stphane Dumont,Advisory Committee,True
Imperium,Imperium.pdf,2017,0,,,This Silkos,True
Incent,Incent.pdf,,0,,,,False
Incremint.Io,Incremint.Io.pdf,2018,0,,Brian Konradi; Andrei Danilov; Peter Khokhlov; Hans Battle; Myles Trachtenberg; Adi Ben-Ari,Bad ICOs,True
Indahash,Indahash.pdf,2017,0,,,,True
Index Coin,Index Coin.pdf,,0,,,,False
Indigo Dma,Indigo Dma.pdf,,0,,,,False
Indigo Racing,Indigo Racing.pdf,,0,,,,False
Indorse,Indorse.pdf,2017,0,"linkedin:davidmoskowitz,gaurangtorvekar,dipeshsukhani,avadhootkulkarni16,dave-appleton-4893a7,harshawardhannene,vaidyakedar,kai-c-chng-540b339,shaundjie,bencxr",KC Chng; Benedict Chan; Loi Luu; Matthew Tan; Eddy Travia; Dushyant Bhatia,Skills Economy Enabling Crowd; Indorse Score; Core Components Advertising Different; Considerations Indorse Score; Vesting Periods Indorse Rewards; Talent Acquisition,True
Injii,Injii.pdf,2016,0,,Philanthropic Sector,Legal Review; Thompson Bukher LLP Code; DLT Labs; Charlie Chaplin Final Speech; Nelson Mandela; Steve Jobs,True
Ink Labs Foundation,Ink Labs Foundation.pdf,2017,0,twitter:inklabsfound; telegram:joinchat; linkedin:27001961; reddit:InkLabsFoundation; medium:inklabsfoundation; facebook:inklabs.found.9,Walter Komarek; Tsukikawa Yuu; EU Continent,Cross-chain Interoperability; Creative Industry. It; Creative Industry; Pressing Issues; Urgent Demand,True
Inkchain,Inkchain.pdf,2017,0,,,North Western Canada; Gold Standard Gold,True
Ins,Ins.pdf,2020,0,,CoinAgenda. Special; Peter Fedchenkov,Securities Act; United States,True
Insights Network,Insights Network.pdf,2017,0,,,Brian Gallagher; Darwin Lo; Authenticity Submitting; Data Request Fulfilling; Data Request Profile Matching; Encrypted Data Storage EOS,True
Inspeer,Inspeer.pdf,2018,0,,Denis Kabanets CEO; Nikolay Otvechalin; Denis Ryabikin; Daria Patrikeeva; Jevgenia Kask-Savchenko; Dmitry Chirkin,Brief History; Crowdlending Platforms; Crowdlending Markets Worldwide; Key Factors; Inspeer's View; LightFin MicroLending,True
Insurepal,Insurepal.pdf,2017,0,,Software Developer,Conditions. InsurePal,True
Insurex,Insurex.pdf,2017,0,,Ingemar Svensson; Cristina Dolan; Mikael Olofsson; Timo Schlaefer; TokenMarket Ransu,An Insurance Marketplace; Key Features; Transaction Execution; Portfolio Management; High-Performance Storage; Application Stack,True
Integrative Wallet Token,Integrative Wallet Token.pdf,2017,1,,,Crowdsale Information; Crowdsale Cap; Public Relationships; Reserve Capital,True
Intelligent Trading Technologies,Intelligent Trading Technologies.pdf,2017,0,twitter:ITT_Token; github:intelligenttrading,Sebastian Bausch,Intelligent Trading Technologies; Artificial Intelligence; ITT Bot UI Mock; Legal Considerations,True
Intellium,Intellium.pdf,,0,,,,False
Internxt,Internxt.pdf,2018,0,,,Welcome To; New Internet; Though Internet; At Internxt; Internet. Using; Internet. In,True
Investfeed,Investfeed.pdf,2017,0,,Ronald Chernesky; Andrew Freedman; Justin Jovanovic; George Samman Technical; Steven Nerayoff Technical; David Wachsman Technical,An Incentivized; Next-Generation Social Investment; Intended User Base,True
Investy,Investy.pdf,2018,0,,Aleksei Pershin; Artem Golovachev; Mathematical Sciences,Decentralizedinvestmentplatform WhitepapersummaryRev,True
Iqeon,Iqeon.pdf,2017,0,,,Advantagesof IQeon; IQ Clash API,True
Iquant Chain,Iquant Chain.pdf,,0,,,,False
Ironblock,Ironblock.pdf,2017,0,,Co-Founder Responsible; Co-Founder. Alexey,ICO Structure; Open IronBlock Policy,True
Ititaniumcoin,Ititaniumcoin.pdf,2017,0,telegram:ititaniumcoin; github:bitcoin,,ITitanium Coins; ITitanium Coins. Prior; People's Republic,True
Iungo,Iungo.pdf,2017,0,,,Public Wi-Fi,True
Izac,Izac.pdf,,0,"github:ethereum,etherparty",,Key Features,True
Izetex,Izetex.pdf,2017,0,"github:ethereum,EOSIO,WAVESPLATFORM,apache,izetex",,AlexanderGryaznov AlexeyS; IzetexP TELtd,True
Izibits,Izibits.pdf,,0,,,,False
Iziing,Iziing.pdf,2017,0,,Ziing Robo,Mini Node,True
Jboxcoin,Jboxcoin.pdf,,0,,,,False
Jibrel Network,Jibrel Network.pdf,2016,0,,Toolkit Tools; DAO Once,,True
Jincor,Jincor.pdf,2017,0,,Vagan Abelyan; Vlad Kirichenko; Andrey Degtyaruk; Vladislav Kirichenko; Tomas Krner,Current Status; Post ICO,True
Jizzcoins,Jizzcoins.pdf,2018,1,twitter:jcncoins; telegram:jizzcoins; linkedin:jizzcoins; facebook:JCN-359078297852980,,Ethereum ERC,True
Jnet1,Jnet1.pdf,2017,0,,,International Investment Jewelry Trade,True
Jolyy,Jolyy.pdf,2016,0,,Julian Urdov; Ognian Genev; Dilyana Ivanova,Competitive Environment; Road Map,True
Jury.Online,Jury.Online.pdf,,0,,,,False
Kahnchat,Kahnchat.pdf,2018,0,twitter:kahnchat; facebook:kahntechltd,Dr. Ulrich Hatje; Mr. David Kan,Mobile Payment; Mobile Payment Potential Income; Social Networking; Apps Features; Competitors Features Comparison; KahnChat ICO,True
Kala Token,Kala Token.pdf,2017,0,,,Legal Notice; About Symatri; Core Activities; Example App Downloads; Example Offer Trial; Example Video View,True
Kapu,Kapu.pdf,2017,0,,Kapu Founder Kapu; External CoreDEV Super; Innorammara Kapu; Kapu Founder Super; Kapu Founder,II III; VII IX XI XIV; Second Punic War,True
Karbon,Karbon.pdf,,0,,,,False
Karma,Karma.pdf,2018,0,,Strategic Karma,Deepak Chopra; Karma International; Karma Operational; Social Impact; Karma's Prospective Customer; Sharing Economy,True
Katalyst Coin,Katalyst Coin.pdf,2002,0,linkedin:businesscompassadvisory,,,True
Keeppet,Keeppet.pdf,,0,,,,False
Kencoin,Kencoin.pdf,2017,0,,Laurent Chekroun; Nicolay Livadkin; Michael Rabi,An Adult Industry Focused; Draft Version; Total Anonymity; Kencoin User Advantage; Online Adult Entertainment; Offline Adult Entertainment,True
Kevin.,Kevin..pdf,2017,0,,,Your Terms October,True
Kexcoin,Kexcoin.pdf,2017,1,,Kexgill Managing,,True
Keyrpto,Keyrpto.pdf,2018,0,,,,True
Kickico,Kickico.pdf,,0,,,,False
Kin,Kin.pdf,,0,,,,False
Knowledge,Knowledge.pdf,2018,0,,,,True
Knows,Knows.pdf,2017,0,telegram:knowsonline,,ICO Investment; Maximum Capitalization; Launch KNOWS.online,True
Komodo,Komodo.pdf,2017,0,twitter:bitcoin; github:SuperNETorg,Satoshi Nakamoto,Bitcoin. Furthermore,True
Korbex,Korbex.pdf,,0,,,,False
Kpr Coin,Kpr Coin.pdf,2017,0,github:KPRCoin; facebook:KPRMS,Alain D'Ombrille  Managing; Jason Tabrett CPA MBA; Matthew Young; Alain D'Ombrille; Matt Young; Alain D'Ombille Managing,Updated December; KPR Medical Solutions,True
Kredx,Kredx.pdf,2017,0,,,Limitless Potential; As Incentive; Regular Cryptocurrency; User Alternative; KredX. Kredits; Using Kredits,True
Krios,Krios.pdf,,0,,,,False
Kript,Kript.pdf,,0,,,,False
Kryptopy,Kryptopy.pdf,2017,3,"twitter:kryptopysocial; telegram:TheKryptopyNetworkAnnouncement; linkedin:nicolascloutier1,cody-mcbryan-305378141,rob-bassani-0a915920,yboutin,kevin-fox-05b401149,francesco-galati-992081130,richard-m-holmes-b11858,miserandino; medium:ncloutierweb; facebook:kryptopy",,Pre ICO; Minimum Required,True
Kubera,Kubera.pdf,2018,0,"github:ethereum,Nethereum",Nakamoto Masakazu,I. Intro; Eliminate Player; Long Term,True
Kybernetwork,Kybernetwork.pdf,2017,1,,,Loi Luu; Yaron Velner; KyberNetwork APIs; Cosmos. Ethereum; KyberNetwork Crystals,True
Kyc.Legal,Kyc.Legal.pdf,2016,0,,Daniil Rausov; Sergei Bekrenev,Know Your; Legal Disclaimer,True
L-Pesa,L-Pesa.pdf,2018,0,"github:ethereum,OpenZeppelin",Ron Ezra Tuval; Tamir Hodorov Legal; John Petersson Fintech; Mselem Said; QBO Pro; Mr. Tuval,L-Pesa Microfinance; Pending  Bogdan; Risk Factors,True
Labrys,Labrys.pdf,2018,0,"linkedin:taber-silver-65402a98,lachlan-feeney,dtimbrell,lucascullen,yasmineeverstets,james-blinco-976410109,katrina-donaghy-49989629",,YOU ARE IN ANY; Labrys. This; While Labrys,True
Lala World,Lala World.pdf,2017,0,,Jim Yong Kim; Sankalp Shangari; Thomas McAlister,Gearing Towards,True
Lamden,Lamden.pdf,2017,0,,,Stuart Farmer; Mario Hernandez; Motivation In; Transaction Fees,True
Lampix,Lampix.pdf,,0,,,,False
Latium,Latium.pdf,2017,2,,,Posting Tasks; Performing Tasks; Profile Management; Referral Program; Future Developments; Conversion Functions,True
Latoken,Latoken.pdf,,0,,,,False
Legolas Exchange,Legolas Exchange.pdf,2017,0,github:bitcoin; reddit:Bitcoin,,By Noam Cochin; Yohan Guez; Frdric Martin; Frdric Montagnon; Ouziel Slama; Existing Exchanges,True
Lelecoin,Lelecoin.pdf,2017,0,,,,True
Let Bet,Let Bet.pdf,2016,0,,Gambling Regulation; Online Gambling,LET BET,True
Levelnet,Levelnet.pdf,2017,2,"github:Ambisafe; linkedin:pavel-shkliaev-88a5b9124,alexander-bodiagin-9275b9124,anton-aksenov-941553b3,arthur-eolyan-a1b29940,ivan-krivonos-33168317,alex-kudryavtsev,alexvx,andrey-baranovich-29023855,stas-goshko-aa11bb130,anton-leshchenko; facebook:profile.php",,Addendum No; Money Back Guarantee; Money Back Guarantee. These,True
Leverj,Leverj.pdf,2018,0,,Bharath Rao; Nirmal Gupta,Post-sale Considerations; Legal Considerations,True
Lewt,Lewt.pdf,,0,,,,False
Lh-Crypto,Lh-Crypto.pdf,,0,,,,False
Liblob,Liblob.pdf,2017,6,"github:TopBackTech,ethereum; linkedin:zachary-spoor-b6703461,rshinnick,michael-hanna-039a6823,robheittman,johnferguson-225ba37,drmrbowers,bob-mathews-449a33,dorisconniegarzonbernal,jrwells,jack-phifer-645a5b; facebook:VentureScaleUp",Zachary Spoor; Ryan Shinnick; Michael Hanna,Legal Disclaimer; This English; About LibLob; TopBack Technologies; US Navy Officers; In February,True
Librium,Librium.pdf,2017,0,,Pierce Schiller; Harvard University,Venezuela. Jose,True
Like,Like.pdf,,0,,,,False
Liminality Network,Liminality Network.pdf,,0,,,,False
Lineage Network,Lineage Network.pdf,,0,,,,False
Linkercoin,Linkercoin.pdf,2017,0,github:ethereum,,Networks Liquidity Provider; Futurist Alvin Toffler; Bitcoin Fever,True
Litra,Litra.pdf,2017,0,,Gregory Wasson,Electronic Health Records; New Health Economy; CEO Gregory Wasson; JP Morgan Healthcare,True
Live Show,Live Show.pdf,,0,,,,False
Live Stars,Live Stars.pdf,2018,0,,,Live Stars,True
Livecontracts,Livecontracts.pdf,,0,,,,False
Liveedu,Liveedu.pdf,2017,0,,Oli Slipper; Michael Terpin; Tomoaki Sato; Peter Vessenes,Online Education; Y-combinator. LiveEdu; LiveEdu. In; Milestone Achievements; ICO Advisors; Competition Analysis,True
Loan Bit,Loan Bit.pdf,,0,,,,False
Local World Forwarders,Local World Forwarders.pdf,2017,0,,Stefano Gessa; Roberto Randine Art; Yonghoon Lin Advisor; User Interface Location,New Delhi; India. Large; South America,True
Loci Coin,Loci Coin.pdf,2017,0,,John Wise; Eric Ross,Intellectual Property Discovery; This English; References Important Notices,True
Lockchain,Lockchain.pdf,2017,0,,Priceline Expedia CTrip Trip; Easter Europe,LOC Ledger,True
Loomia,Loomia.pdf,,0,,,,False
Loopring,Loopring.pdf,2017,0,,,Rate Immutability; Order Reducibility; Fill Volume; Fee Discount; Attack Protection; Massive Tiny Order Attacks,True
Loopx,Loopx.pdf,2018,0,twitter:LoopxCoin; telegram:loopx_news,,LoopX. Now,True
Lotus,Lotus.pdf,2017,0,,,Technical Specifications; Various Exchanges; Early Adopters; Main ICO; Non-Blacklisted Countries; Budget Allocation,True
Loyalcoin,Loyalcoin.pdf,2017,0,facebook:softwareparkthailand,Patrick Paul Palacios; Nitin Chawre; Nigel Hughes; Harvey Perello; LoyalCoin. These; Mike Onghai,Created By; Powered By; Track Record; Solutions Portfolio; Current Loyalty Environment; Administration Support,True
Loyaltychain,Loyaltychain.pdf,2017,0,,,Key Milestones Accomplished; ICO Planning; Pre Sale; ICO Structure,True
Lucidexchange,Lucidexchange.pdf,2011,0,,,Capital Markets; LucidExchange Organizational Structure; Trading Industry; IV. Key Technologies; Matching Algorithm; Trade Escrow,True
Lucisdollar,Lucisdollar.pdf,2017,0,,CEO Space International; Space International. CEO Space; Space International. His,Cryptocurrency Banking; BTC Phase; Valuation Algorithm Phase; Multiple Top Cryptocurrencies Phase; Top Fiat; Payment Remittance,True
Luckbox,Luckbox.pdf,2018,0,,,Where Luckbox; Engagement Innovative; Legitimate Attractive Equipped,True
Lucyd,Lucyd.pdf,2017,0,github:dappmind,South Florida. Experience; Eric Cohen; Ph.D. Science; Visual Science; Ph.D Science; Tomsk University. Experience,Augmented Reality; Funding Distribution; Legal Notice; Lucyd Lens; Lucyd Lab; Professor David Williams,True
Lust,Lust.pdf,,0,,,,False
Luven Diagnostic,Luven Diagnostic.pdf,2017,0,,,Monetary Authority,True
Luxcess Group,Luxcess Group.pdf,2017,0,,,IS NOT; Bex Bostjan,True
Lydian,Lydian.pdf,2017,0,,Commodity Trading; Mark Karpeles; Kamal Kaur; Grant Allaway,LydianCoin SG,True
Lympo,Lympo.pdf,2018,0,telegram:lympo,European Commission,,True
Lytictail,Lytictail.pdf,2018,0,,,Star Trek,True
Machtcoin,Machtcoin.pdf,2018,0,,,Short Brief; Grand Ideas; Genius Points; Integrated Eco-system Application; Machtcoin ICO; Funds Distribution,True
Macroverse,Macroverse.pdf,2017,0,,,Adam Novak; Game Developers,True
Madnetwork,Madnetwork.pdf,2017,0,github:ethereum,M. Zargham; T. Bollich,CEO BlockScience; N.D Jebessa; Researcher Madhive; CTO Madhive; MADnet Books; MADnet Core,True
Maecenas,Maecenas.pdf,2016,0,,,Compliance Art Collection; Fintech Fusion; Polytech Ventures; Maecenas MVP; Private Beta Launch First; Art CryptoAsset Created,True
Magnum Link,Magnum Link.pdf,2016,0,,,Precious Metals; On August; Richard Nixon; United States,True
Magos,Magos.pdf,2017,0,telegram:moncrypt,,ID. One-time; Cloud Storage,True
Majato Project,Majato Project.pdf,2017,0,,,United States,True
Makeitviral,Makeitviral.pdf,,0,,,,False
Mango Startups,Mango Startups.pdf,2018,0,"linkedin:johnny-aguirre-salazar-988689a,mauriciorobles,edgar-ugalde-26849527,richardmesen,nick-hayward-2072634a,allan-matarrita-5b918534,david-melendez-17800044",Marcelo Lebendiker; Epson Venezuela; Epson Mexico; Juan Carlos Torrealba; ParqueTec Accelerator; Crediticia Valores,Final Version; Latin American; Mango Startups,True
Mark.Space,Mark.Space.pdf,2018,0,,,Powered VR; Distribution Of Wealth; Virtual Economies; Other Districts; Unit Description; Current Prototype Architecture,True
Mass.Cloud,Mass.Cloud.pdf,2017,0,"github:ethereum,mass-ltd; linkedin:clinton-mcleay-09688153,kristopher-b-331b42100,dennis-klungler-9b387715,kurt-knudsen-5265691",,Masternode Smartcontract; Clinton McLeay; Kris Borodiansky; Dennis Klungler; Kurt Knudsen,True
Masscryp,Masscryp.pdf,2017,0,,,Key Milestones Accomplished; ICO Planning; Pre Sale; ICO Structure,True
Matchpool,Matchpool.pdf,,0,,,,False
Matryx,Matryx.pdf,2016,0,,,By Collaboration; MTX Version; Henri Clay Institute; Grigori Perelman; Millennium Problems; Henri Poincar,True
Mavin,Mavin.pdf,2017,0,,,Dear Followers; Best Regards,True
Maxbull Coin,Maxbull Coin.pdf,2017,0,twitter:MBullCoin; telegram:mbullcoin; medium:maxbullcoin; facebook:mbullcoin,,MaxBull ICO; MaxBull SpecialBounty Program,True
Mcap,Mcap.pdf,,0,,,,False
Mcfly.Aero,Mcfly.Aero.pdf,,0,,,,False
Mdk,Mdk.pdf,2016,0,"twitter:mdkmain; telegram:mdkcrypto,mdkico",,MDK App; Budget Allocation; Contact Information,True
Media Network Token,Media Network Token.pdf,2018,0,,,Payment Process; Paid Article; Payment Distribution; Funding Details; At Coinjoker,True
Medibloc,Medibloc.pdf,,0,,,PS JJJ,True
Medicalchain,Medicalchain.pdf,2018,0,,Dr. Abdullah Albeyatti Medicalchain; Variable ID Owner; Mo Tayeb. Working; Permissions File Hash Version; Dr. Albeyatti,Dr Abdullah Albeyatti; Medicalchain Solutions; Technical Explanation; Cost Impact Analysis; Medicalchain. All; Potential MedToken,True
Medichain,Medichain.pdf,,0,,,,False
Medis,Medis.pdf,2017,0,,,,True
Meetip,Meetip.pdf,2018,1,twitter:outmysphere; telegram:meetip; facebook:outmysphereapp,,Main ICO; ICO Goal; OutMySphere Bars,True
Meetngreetme,Meetngreetme.pdf,,0,,,,False
Melonport,Melonport.pdf,,0,,,,False
Mercury Protocol,Mercury Protocol.pdf,2017,0,github:ethereum,,Radical App International; Broadcast. We,True
Metagame,Metagame.pdf,,0,"github:ethereum,etherparty",,Key Features,True
Metal,Metal.pdf,2017,0,,,Limitless Potential; As Incentive; Regular Cryptocurrency; User Alternative; KredX. Kredits; Using Kredits,True
Metatip,Metatip.pdf,,0,,,,False
Mevu,Mevu.pdf,,0,,,,False
Mfv,Mfv.pdf,2017,0,,,North Western Canada; Gold Standard Gold,True
Micars,Micars.pdf,2017,0,,,Hire Full Options; ETH ERC; United States,True
Micromoney,Micromoney.pdf,2017,0,"github:micro-money; linkedin:sai-hnin-aung-03528b24,anton-dzyatkovski-47012a95,tetsuji-nagata-89075847,madhawa-edussuriya-91139148,chinap,july-phoo-76712a142,bhannathorn-sangsuk-55b75014a,tin-htut-aung-b845b4135,malsha-thilakarathne-094a2314a,vivian-sukamto-9811024a; facebook:micromoneymyanmar,profil,sunseeker.sergey",Sai Hnin Aung; Anton Dzyatkovskiy; Grand Corporation Osaka. Japan; Pasan Madhawa Edussuriya; China Muoka; July Phoo,Tetsuji Nagata; Anton Dziatkovskii; Yoshiyuki Taira; Yojiro Tsutsumi; Oknha Sorn Sokna; Fransiskus Djaka Purnama,True
Midex,Midex.pdf,,0,,,,False
Mimicoin,Mimicoin.pdf,2016,0,twitter:Mimic_app_; reddit:Mimic_app; medium:mimicapp.official; facebook:HelloMimic,Dario Begonja; Davor Kljajic; Aleksandar Atanacovic; Dario Trbovi,,True
Mindsports,Mindsports.pdf,,0,,,,False
Minerva,Minerva.pdf,2018,0,,Kevin McSheehan; CEO Corey Jackson; CTO Kol Shtufaj  Creative; Jevgenijs Steinbuks  Founding Economic; Michael Brooks  Strategic; Rob Johnson  Strategic,Corey Jackson; Last Revision; Minerva Backstory; Minerva Advantage; Application Layer; Advanced Methods,True
Minex,Minex.pdf,2017,0,,,Addressed Issues; Hybrid Governance; Incentivizing Miners,True
Miniapps,Miniapps.pdf,2017,0,telegram:MiniApps; github:ethereum; medium:miniapps-pro-token,Dauria Aerospace.; Anar Babayev; Serguei Popov; CryptoAcademy Jan,New Generation,True
Mining Now,Mining Now.pdf,2018,0,,,Mining Now; Transaction Confirmation; Website. Personal,True
Mira,Mira.pdf,2020,0,,,Offline Wallets Online Wallets; Stash Example; Feather Example; Good Gift No; Miralab.io MiraWallet; PC MiraWallet Mobile MiraNet,True
Mirocana,Mirocana.pdf,2018,0,,,Artificial Intelligence; Plot Concepts; Morgan Stanley; Goldman Sachs; Tow Sigma,True
Misscoin,Misscoin.pdf,2018,0,"linkedin:rovshan-suleymanov-553b4884,fuadnasirov",Rovshan Suleymanov; Danil Gimadiyev; Fuad Nasirov; Julia Shumilina Art; Dilyara Fayzulina; Seymur Aliev,Road Map; Aphrodite. They,True
Mito,Mito.pdf,2017,0,github:ethereum,,Climate Initiatives; On May; Integrated Program; Sustain Europe; Mitigation Programs; Environmental Units,True
Mobilecoin,Mobilecoin.pdf,2017,0,,,YES December; Pre ICO,True
Mobilink-Coin,Mobilink-Coin.pdf,,0,,,,False
Mobius Network,Mobius Network.pdf,,0,,,,False
Modex,Modex.pdf,2017,0,,,Legal Considera,True
Modoview,Modoview.pdf,2017,0,telegram:modoview,Milan Dave; Michele Scotellaro,Crowdsale Schedule; Technical Aspects; Technical Specifications; Bounty Program; Mixed Reality; Microsoft Hololens,True
Modulum,Modulum.pdf,2017,0,"linkedin:philippe-subervie-893767102,jean-gilles-subervie,benoitgaltier,fabrice-hammer-46277064,linn-mjelstad-60016994,pierre-jean-subervie-471997151",BV Conseil,Hitech One; Additional Information,True
Moeda,Moeda.pdf,2017,0,,Taynaah Reis,Brad Chun; Athena Diaconis; Isa Yu; Alex Todaro; Distribute Impact; Provide Community-focused,True
Mog,Mog.pdf,,0,,,,False
Mokenex,Mokenex.pdf,2018,0,,,Mokens. They; Universal Payment Gateway; Cardano Ethereum; Generation Engine,True
Moms Avenue,Moms Avenue.pdf,,0,,,,False
Monaco,Monaco.pdf,2017,0,,,Limitless Potential; As Incentive; Regular Cryptocurrency; User Alternative; KredX. Kredits; Using Kredits,True
Monaize,Monaize.pdf,2017,0,,Mathiew Christophe Rajoo  Legal; SuperNET Guillaume Derivery,About Monaize; Monaize Loyalty Rewards; Rewards Scheme,True
Monartis,Monartis.pdf,2018,0,,,Monartis Crowdfunding; United Kingdom; Distributor. Acquiring,True
Moncrypt,Moncrypt.pdf,2017,0,telegram:moncrypt,,ID. One-time; Cloud Storage,True
Mondo,Mondo.pdf,2017,0,"telegram:ratemebot,icomondo,yakushev7; github:mondoone; medium:mondoone; facebook:yakushev7,groups",Yakushev German; Lev Berdyanskyy,Telegram Bot,True
Money Rebel,Money Rebel.pdf,2016,0,,Mitja Vezovisek; Banking Expert; Previously Sales; Miha Pulko; Jaka Kladnik; Edin Poprzenovi,MR Kriptel.de; MR Portfolio; MR Adviser; Preselected Advisers; Electronic Library; Video Recordings,True
Moneytech,Moneytech.pdf,2017,0,medium:MoneyTech17; facebook:Money-Technology137948470096909,,MoneyTech ICO June; ETH In; Release Serenity. Accordingly; In December; ZCash Zcash; If Bitcoin,True
Monkey Capital,Monkey Capital.pdf,,0,,,,True
Monster Byte,Monster Byte.pdf,2017,0,,Holders Waves Sale Bounties,Monster Byte; Casino Edge; Competitive Analysis; Cryptocurrency Gambling; Baccarat. We; Monster Byte's,True
Moonlighting,Moonlighting.pdf,2002,0,linkedin:businesscompassadvisory,,,True
Moonlite,Moonlite.pdf,2018,0,,,Artificial Intelligence; Custom Algorithms; Details Capital Distribution Critical; Graph Capital Distribution Graph; Investors Anticipated Investment Returns; Crypto-Currency Mining,True
Moover,Moover.pdf,,0,,,,False
Moozicore,Moozicore.pdf,2016,0,,ICO Advisor; Tech Pioneer,Moozicore App; Users Growth; Legal Notice; Unlike Spotify; Moozicore Web Panel,True
Morpheus Network,Morpheus Network.pdf,,0,,,,False
Mossland,Mossland.pdf,2018,0,,Wooram Son CEO; Chester Roh CSO; Serial Entrepreneur; Minuk Kim CTO; Yongjun Hong CFO; Sean Oh COO,Reality Reflection; Location-based AR; Location-based Check-in; Augmented Reality,True
Movement App,Movement App.pdf,2017,0,"linkedin:mholt-movement,rhawkins-movement,jlatham-movement,jyates-movement",Martin Holt; Robert Hawkins,Movement App; Industry Active Lifestyle; Smartphones Competitors; ICO Investors Running; In-App Shop Advertisement; First Phase,True
Moxyone,Moxyone.pdf,2018,0,"twitter:moxy_one; telegram:moxyone; github:MoxyOne,moxy-one; linkedin:abbasmhd,tanshul,bennett-gale-ab5538154,alialmaktoum,rick-kennerknecht-dcorp,shivangnisingh,samerabbas,rabih-gebara-750a7035,chelseysingh,jade-mulholland; reddit:moxyone; facebook:moxyone",Chelsey Singh; Frank Bonnet; Mike Balagna,Working Document; MoxyOne's Contribution; End-User Specifications; Transaction Process; Payment Processing; Debit Card,True
Multibot,Multibot.pdf,2017,0,twitter:support,,ICO Structure,True
Mundus,Mundus.pdf,2017,0,,Mundus Guru's; Each Mundus Guru; Sapphire Tung,First Version; Mundus Guru,True
Mymazzu,Mymazzu.pdf,,0,,,,False
Myoddz,Myoddz.pdf,2018,1,,,Trium Land; Total Supply Shares; Shares. Shares Composition; Public Shares; Share Type; Common Shares,True
Mysterium,Mysterium.pdf,2017,0,,,Core Objectives; Seed Participants; Mysterium Architecture; Payment Scheme,True
Mytime,Mytime.pdf,2017,0,,Eduard Gurinovich; Alexander Zelenshikov; Maksim Ploskonosov; Aleksey Fomkin,,True
Mytracknet,Mytracknet.pdf,,0,,,,False
Mywish,Mywish.pdf,,0,,,,False
Naga,Naga.pdf,2017,0,"twitter:cybo,become,legal,thenagaico; telegram:joinchat,thenagaico; github:ethereum; linkedin:11328347; medium:thenagaico; facebook:thenagaico",Benjamin Bilski; Igor Kulatov; Alexander Braune Operational; Andreas Luecke; Andr Rupp; Robo-Advisory Robo,,True
Nametoken,Nametoken.pdf,2017,0,twitter:nametoken_io,,Bill Gates; Top TLD; Earn NAT,True
Napoleon X,Napoleon X.pdf,2017,0,,Bounty Program,,True
Narrative,Narrative.pdf,2017,0,,Exclusive Access; Brian Lenz; Paul B. Allen; Sergey Vasin,Ted O'Neill,True
Native Video Box,Native Video Box.pdf,2018,0,telegram:nvb_en; facebook:nativevideobox,Mike Raytsin; Julian Zegelman Legal; Yaacov Bitton; Georgy Mikhaylets; Alexander Miheev Managing; Alexander Shishow,Native Advertising; Google Video Ads; Right Owners; Web Users; Advisory Board; Native Video Box,True
Nau,Nau.pdf,2017,0,"linkedin:yaroslav-shakula,egor-bruskin-84,fonmax,olga-romanova-134,joshiashit,tzvishishler,marckenigsberg; facebook:tzvishishler",,,True
Naviaddress,Naviaddress.pdf,2017,0,,,Custom Naviaddress; Postal Naviaddress; Federal Naviaddresses; Regional Naviaddresses; Total Naviaddress; Premium Naviaddress,True
Neblio,Neblio.pdf,2017,0,,,Enterprise Adoption; Next Generation Solutions; Enterprise Adoption Driver; Language Support; Enterprise-Driven Requirements; Neblio Node Deployment,True
Nebulas,Nebulas.pdf,2017,12,github:ethereum; medium:VitalikButerin,,Nebulas Rank; Nebulas Ranking; Nebulas Force; Consensus Algorithm,True
Nedviga,Nedviga.pdf,,0,,,,False
Neo,Neo.pdf,,0,,,,False
Netcents,Netcents.pdf,2004,0,,,Each Node; In September,True
Networkunits,Networkunits.pdf,2017,0,,,Presale Quantity Bonus Multiplier; Minimum Goal; Bonus Rates; Technical Features; Active Clients,True
Neufund,Neufund.pdf,2017,0,,,Initial Capital Building Mechanism; Existing Neumark,True
Neunet,Neunet.pdf,2017,0,"linkedin:cayesdelpeche,carsondwilber,alonsomoreno",,Phase One,True
Neurobot,Neurobot.pdf,2018,0,,,Gradient Boosting; Gardient Boosting,True
Neurochain,Neurochain.pdf,2017,0,,,NeuroChain Lab December; Pragmatic Communication Channels; Artificial Intelligence,True
Neurogress,Neurogress.pdf,,0,,,,False
Neuromation,Neuromation.pdf,2018,0,,Max Prasolov; Fedor Savchenko; Sergey Nikolenko,Legal Disclaimer; English. Should; Neuromation. Neuromation,True
Neuroseed,Neuroseed.pdf,,0,,,Big Data; Virtual Reality; Augmented Reality; Machine Learning; Artificial Intelligence. Current; Neural Information Processing Systems,True
Neverdie,Neverdie.pdf,2017,0,,,An Inter-operable; Trillion Dollar Virtual Economy; Neverdie Studios; Universal Studios; Virtual Reality. This; Virtual Reality,True
Newbium,Newbium.pdf,,0,,,,False
News,News.pdf,2008,0,,,,True
Next.Exchange,Next.Exchange.pdf,2018,1,"github:ethersphere,ethereum,raiden-network",,Instant ICO; Next ICO,True
Nimfamoney,Nimfamoney.pdf,2017,0,"linkedin:maxtar; facebook:imaxtar,dsuvorov,vlad.pezhemsky,AlexanderNimfamoney",Max Tarasenko Nimfamoney; Dan Suvorov; Alex Kharchevnikov,Max Tarasenko Nimfamoney Founder; IF YOU ARE IN; Nimfamoney ICO; WIN BIG,True
Nimiq,Nimiq.pdf,,0,,,,False
Nitro,Nitro.pdf,2016,0,,,Important Notice; Nitro Marketplace; British Virgin Islands Securities; Forward-Looking Statement This; Risk Factors; Information While,True
Nocta,Nocta.pdf,2017,0,,,,True
Node,Node.pdf,2018,0,,AM. Previously,Wireless Future; Alpha Eon; Automotive Drones Wireless Charging; Node Competitive Advantage; Investment Opportunity; Discount Program,True
Notary,Notary.pdf,2017,0,,Saso Vercko; Anita Zvikart; Sasa Einsiedler,,True
Nousplatform,Nousplatform.pdf,,0,,,,False
Nova Blitz,Nova Blitz.pdf,2017,0,,,Nova Blitz,True
Novacool,Novacool.pdf,,0,,,,False
Ntok,Ntok.pdf,,0,,,,False
Nucleus,Nucleus.pdf,2014,0,,Abhishek Pitti; Dudley Retail Partnerships Ex; Avinash Pitti; Brooks Atwood Creative; Tim Draper; Sriram Viswanathan,Groundbreaking IoT-Enabled Customer Identification; Differentiated Customer Experience; Process Flow; ION Sensor; Neuron Layer; Token-Based Payments,True
Nuggets,Nuggets.pdf,2017,0,telegram:nuggetsblockchain,Alastair Johnson; Seema Khinda Johnson; Adi Ben-Ari; Robert Seok; Andrew Amadeo; Ashok Vaswani,Nuggets. That,True
